/*
SQLyog - Free MySQL GUI v5.01
Host - 5.5.16-log : Database - bd_currier
*********************************************************************
Server version : 5.5.16-log
*/


create database if not exists `bd_currier`;

/*Table structure for table `tb_despacho` */

DROP TABLE IF EXISTS `tb_despacho`;

CREATE TABLE `tb_despacho` (
  `Pk_eDespacho` int(11) NOT NULL,
  `Fk_eUsuario` int(11) NOT NULL,
  `Fk_eUbigeo` int(11) NOT NULL,
  `cDireccion` varchar(100) NOT NULL,
  `cDestinatario` varchar(100) NOT NULL,
  `mTotal` decimal(8,2) NOT NULL,
  PRIMARY KEY (`Pk_eDespacho`),
  KEY `Fk_TB_Despacho_TB_Usuario` (`Fk_eUsuario`),
  KEY `Fk_TB_Despacho_TB_Ubigeo` (`Fk_eUbigeo`),
  CONSTRAINT `Fk_TB_Despacho_TB_Ubigeo` FOREIGN KEY (`Fk_eUbigeo`) REFERENCES `tb_ubigeo` (`Pk_eUbigeo`),
  CONSTRAINT `Fk_TB_Despacho_TB_Usuario` FOREIGN KEY (`Fk_eUsuario`) REFERENCES `tb_usuario` (`Pk_eUsuario`)
) ENGINE=InnoDB DEFAULT CHARSET=latin1;

/*Data for the table `tb_despacho` */

/*Table structure for table `tb_detalledespacho` */

DROP TABLE IF EXISTS `tb_detalledespacho`;

CREATE TABLE `tb_detalledespacho` (
  `Pk_eDetalleDespacho` int(11) NOT NULL,
  `Fk_eDespacho` int(11) NOT NULL,
  `Fk_eProducto` int(11) NOT NULL,
  `eCantidad` int(11) NOT NULL,
  `mSubTotal` decimal(8,2) NOT NULL,
  PRIMARY KEY (`Pk_eDetalleDespacho`),
  KEY `Fk_TB_DetalleDespacho_TB_Despacho` (`Fk_eDespacho`),
  KEY `Fk_TB_DetalleDespacho_TB_Producto` (`Fk_eProducto`),
  CONSTRAINT `Fk_TB_DetalleDespacho_TB_Despacho` FOREIGN KEY (`Fk_eDespacho`) REFERENCES `tb_despacho` (`Pk_eDespacho`),
  CONSTRAINT `Fk_TB_DetalleDespacho_TB_Producto` FOREIGN KEY (`Fk_eProducto`) REFERENCES `tb_producto` (`Pk_eProducto`)
) ENGINE=InnoDB DEFAULT CHARSET=latin1;

/*Data for the table `tb_detalledespacho` */

/*Table structure for table `tb_dominio` */

DROP TABLE IF EXISTS `tb_dominio`;

CREATE TABLE `tb_dominio` (
  `Pk_eDominio` int(11) NOT NULL AUTO_INCREMENT,
  `cTipo` varchar(50) NOT NULL,
  `cDescripcion` varchar(100) NOT NULL,
  PRIMARY KEY (`Pk_eDominio`)
) ENGINE=InnoDB AUTO_INCREMENT=13 DEFAULT CHARSET=latin1;

/*Data for the table `tb_dominio` */

insert into `tb_dominio` values 
(1,'MON','Monitor LED'),
(2,'MON','Monitor LED IPS'),
(3,'MON','Monitor LCD'),
(4,'TEC','Teclado con Cable'),
(5,'TEC','Teclado Inalambrico'),
(6,'TEC','Teclado Gaming'),
(7,'TEC','Teclado Mediacenter'),
(8,'IMP','Impresoras'),
(9,'ALT','Altavoz'),
(10,'CAM','Camara Web'),
(11,'AUD','Audifono'),
(12,'ESC','Escaners');

/*Table structure for table `tb_producto` */

DROP TABLE IF EXISTS `tb_producto`;

CREATE TABLE `tb_producto` (
  `Pk_eProducto` int(11) NOT NULL,
  `Fk_eDominio` int(11) NOT NULL,
  `cDescripcion` varchar(100) NOT NULL,
  `dPeso` decimal(8,0) NOT NULL,
  `dPrecio` decimal(8,2) NOT NULL,
  `cEspecificacion` varchar(255) DEFAULT NULL,
  `bImagen` varchar(255) DEFAULT NULL,
  PRIMARY KEY (`Pk_eProducto`),
  KEY `Fk_TB_Producto_TB_Dominio` (`Fk_eDominio`),
  CONSTRAINT `Fk_TB_Producto_TB_Dominio` FOREIGN KEY (`Fk_eDominio`) REFERENCES `tb_dominio` (`Pk_eDominio`)
) ENGINE=InnoDB DEFAULT CHARSET=latin1;

/*Data for the table `tb_producto` */

insert into `tb_producto` values 
(1,1,'Asus VH168D 15.6\"','1','56.00',NULL,NULL),
(2,1,'Samsung LS19B150NS 18.5\"','1','46.00',NULL,NULL),
(3,1,'Asus VS197D 18.5\"','1','80.00',NULL,NULL),
(4,1,'LG E1942C 19\"','1','84.00',NULL,NULL),
(5,1,'HP W1972A 18.5\"','0','85.00',NULL,NULL),
(6,1,'Samsung S22B150N 21.5\"','1','100.00',NULL,NULL),
(7,2,'Asus VS229H 21.5\"','0','126.00',NULL,NULL),
(8,2,'BenQ G2320HDBL 23\"','0','132.00',NULL,NULL),
(9,2,'LG IPS224V-BN 22\"','1','137.00',NULL,NULL),
(10,2,'Asus VS229HR 21.5\"','0','139.00',NULL,NULL),
(11,2,'Asus VS239H 23\"','0','149.00',NULL,NULL),
(12,4,'HP Standard Keyboard Teclado','1','8.00',NULL,NULL),
(13,4,'Microsoft Wired Keyboard 200 Business Teclado','0','9.00',NULL,NULL),
(14,4,'Teclado Flexible de Silicona USB Negro Teclado','0','9.00',NULL,NULL),
(15,4,'Logitech Keyboard K120 Teclado','0','10.00',NULL,NULL),
(16,10,'Soyntec Inpput Combo 350 Yellow','0','15.00',NULL,NULL),
(17,10,'Logitech Wireless Keyboard K230','0','16.00',NULL,NULL),
(18,10,'TVisto Bluetooth Keyboard','0','17.00',NULL,NULL),
(19,10,'Microsoft Wireless Desktop 800 ','0','22.00',NULL,NULL),
(20,10,'Logitech Wireless Keyboard K360 Flower Versi蚤 Inglesa','0','27.00',NULL,NULL),
(21,8,'Creative Live! Cam Sync Negra','0','13.00',NULL,NULL),
(22,8,'Logitech HD Webcam C270 Rosa','0','27.00',NULL,NULL),
(23,8,'Logitech Webcam C170','0','17.00',NULL,NULL),
(24,8,'Hercules HD Twist Negro','0','24.00',NULL,NULL),
(25,8,'Trust eLight Full HD 1080p','1','30.00',NULL,NULL),
(26,8,'Creative Live! Cam Chat HD','0','55.00',NULL,NULL),
(27,5,'Samsung ML-2160 L硬er Monocromo','0','25.00',NULL,NULL),
(28,5,'HP Deskjet 3000 WiFi','0','68.00',NULL,NULL),
(29,5,'Brother HL-2135W L硬er Monocromo W','0','74.00',NULL,NULL),
(30,5,'HP Officejet Pro 8100 ePrint WiFi','1','130.00',NULL,NULL),
(31,7,'Mini Altavoz port磬il Negro','1','7.00',NULL,NULL),
(32,7,'Genius SP-U115 1.5W RMS Negro','1','8.00',NULL,NULL),
(33,7,'Mini Altavoz C璥sula Amarillo','0','8.00',NULL,NULL),
(34,7,'QooPro Altavoces 2.0 USB Negro','0','8.00',NULL,NULL),
(35,7,'B-Move 2.0 B-Blast 200 Blancos','0','12.00',NULL,NULL),
(36,9,'B-Move Kit Auriculares Con Microfono ','0','2.00',NULL,NULL),
(37,9,'QooPro Auriculares Bot蚤 con manos Libres','0','3.00',NULL,NULL),
(38,9,'Soyntec Netsound 270','0','5.00',NULL,NULL),
(39,9,'Phoenix Stereo Ergonomic Urban Earphones','0','6.00',NULL,NULL),
(40,9,'Star Auricular Plegable Rojo','0','9.00',NULL,NULL),
(46,11,'Audifonos','0','15.00','','v'),
(47,12,'Escaner Epson','1','45.00','M',NULL);

/*Table structure for table `tb_ubigeo` */

DROP TABLE IF EXISTS `tb_ubigeo`;

CREATE TABLE `tb_ubigeo` (
  `Pk_eUbigeo` int(11) NOT NULL AUTO_INCREMENT,
  `codDepartamento` varchar(2) NOT NULL,
  `codProvincia` varchar(2) NOT NULL,
  `codDistrito` varchar(2) NOT NULL,
  `departamento` varchar(40) NOT NULL,
  `provincia` varchar(40) NOT NULL,
  `distrito` varchar(40) NOT NULL,
  `mPrecio` decimal(8,2) NOT NULL,
  PRIMARY KEY (`Pk_eUbigeo`)
) ENGINE=InnoDB AUTO_INCREMENT=1834 DEFAULT CHARSET=latin1;

/*Data for the table `tb_ubigeo` */

insert into `tb_ubigeo` values 
(1,'01','01','02','AMAZONAS','CHACHAPOYAS','ASUNCION','10.00'),
(2,'01','01','03','AMAZONAS','CHACHAPOYAS','BALSAS','10.00'),
(3,'01','01','04','AMAZONAS','CHACHAPOYAS','CHETO','10.00'),
(4,'01','01','05','AMAZONAS','CHACHAPOYAS','CHILIQUIN','10.00'),
(5,'01','01','06','AMAZONAS','CHACHAPOYAS','CHUQUIBAMBA','10.00'),
(6,'01','01','07','AMAZONAS','CHACHAPOYAS','GRANADA','10.00'),
(7,'01','01','08','AMAZONAS','CHACHAPOYAS','HUANCAS','10.00'),
(8,'01','01','09','AMAZONAS','CHACHAPOYAS','LA JALCA','10.00'),
(9,'01','01','10','AMAZONAS','CHACHAPOYAS','LEIMEBAMBA','10.00'),
(10,'01','01','11','AMAZONAS','CHACHAPOYAS','LEVANTO','10.00'),
(11,'01','01','12','AMAZONAS','CHACHAPOYAS','MAGDALENA','10.00'),
(12,'01','01','13','AMAZONAS','CHACHAPOYAS','MARISCAL CASTILLA','10.00'),
(13,'01','01','14','AMAZONAS','CHACHAPOYAS','MOLINOPAMPA','10.00'),
(14,'01','01','15','AMAZONAS','CHACHAPOYAS','MONTEVIDEO','10.00'),
(15,'01','01','16','AMAZONAS','CHACHAPOYAS','OLLEROS','10.00'),
(16,'01','01','17','AMAZONAS','CHACHAPOYAS','QUINJALCA','10.00'),
(17,'01','01','18','AMAZONAS','CHACHAPOYAS','SAN FRANCISCO DE DAGUAS','10.00'),
(18,'01','01','19','AMAZONAS','CHACHAPOYAS','SAN ISIDRO DE MAINO','10.00'),
(19,'01','01','20','AMAZONAS','CHACHAPOYAS','SOLOCO','10.00'),
(20,'01','01','21','AMAZONAS','CHACHAPOYAS','SONCHE','10.00'),
(21,'01','02','01','AMAZONAS','BAGUA','LA PECA','10.00'),
(22,'01','02','02','AMAZONAS','BAGUA','ARAMANGO','10.00'),
(23,'01','02','03','AMAZONAS','BAGUA','COPALLIN','10.00'),
(24,'01','02','04','AMAZONAS','BAGUA','EL PARCO','10.00'),
(25,'01','02','05','AMAZONAS','BAGUA','IMAZA','10.00'),
(26,'01','02','06','AMAZONAS','BAGUA','BAGUA','10.00'),
(27,'01','03','01','AMAZONAS','BONGARA','JUMBILLA','10.00'),
(28,'01','03','02','AMAZONAS','BONGARA','CHISQUILLA','10.00'),
(29,'01','03','03','AMAZONAS','BONGARA','CHURUJA','10.00'),
(30,'01','03','04','AMAZONAS','BONGARA','COROSHA','10.00'),
(31,'01','03','05','AMAZONAS','BONGARA','CUISPES','10.00'),
(32,'01','03','06','AMAZONAS','BONGARA','FLORIDA','10.00'),
(33,'01','03','07','AMAZONAS','BONGARA','JAZAN','10.00'),
(34,'01','03','08','AMAZONAS','BONGARA','RECTA','10.00'),
(35,'01','03','09','AMAZONAS','BONGARA','SAN CARLOS','10.00'),
(36,'01','03','10','AMAZONAS','BONGARA','SHIPASBAMBA','10.00'),
(37,'01','03','11','AMAZONAS','BONGARA','VALERA','10.00'),
(38,'01','03','12','AMAZONAS','BONGARA','YAMBRASBAMBA','10.00'),
(39,'01','04','01','AMAZONAS','CONDORCANQUI','NIEVA','10.00'),
(40,'01','04','02','AMAZONAS','CONDORCANQUI','EL CENEPA','10.00'),
(41,'01','04','03','AMAZONAS','CONDORCANQUI','RIO SANTIAGO','10.00'),
(42,'01','05','01','AMAZONAS','LUYA','LAMUD','10.00'),
(43,'01','05','02','AMAZONAS','LUYA','CAMPORREDONDO','10.00'),
(44,'01','05','03','AMAZONAS','LUYA','COCABAMBA','10.00'),
(45,'01','05','04','AMAZONAS','LUYA','COLCAMAR','10.00'),
(46,'01','05','05','AMAZONAS','LUYA','CONILA','10.00'),
(47,'01','05','06','AMAZONAS','LUYA','INGUILPATA','10.00'),
(48,'01','05','07','AMAZONAS','LUYA','LONGUITA','10.00'),
(49,'01','05','08','AMAZONAS','LUYA','LONYA CHICO','10.00'),
(50,'01','05','09','AMAZONAS','LUYA','LUYA','10.00'),
(51,'01','05','10','AMAZONAS','LUYA','LUYA VIEJO','10.00'),
(52,'01','05','11','AMAZONAS','LUYA','MARIA','10.00'),
(53,'01','05','12','AMAZONAS','LUYA','OCALLI','10.00'),
(54,'01','05','13','AMAZONAS','LUYA','OCUMAL','10.00'),
(55,'01','05','14','AMAZONAS','LUYA','PISUQUIA','10.00'),
(56,'01','05','15','AMAZONAS','LUYA','PROVIDENCIA','10.00'),
(57,'01','05','16','AMAZONAS','LUYA','SAN CRISTOBAL','10.00'),
(58,'01','05','17','AMAZONAS','LUYA','SAN FRANCISCO DEL YESO','10.00'),
(59,'01','05','18','AMAZONAS','LUYA','SAN JERONIMO','10.00'),
(60,'01','05','19','AMAZONAS','LUYA','SAN JUAN DE LOPECANCHA','10.00'),
(61,'01','05','20','AMAZONAS','LUYA','SANTA CATALINA','10.00'),
(62,'01','05','21','AMAZONAS','LUYA','SANTO TOMAS','10.00'),
(63,'01','05','22','AMAZONAS','LUYA','TINGO','10.00'),
(64,'01','05','23','AMAZONAS','LUYA','TRITA','10.00'),
(65,'01','06','01','AMAZONAS','RODRIGUEZ DE MENDOZA','SAN NICOLAS','10.00'),
(66,'01','06','02','AMAZONAS','RODRIGUEZ DE MENDOZA','CHIRIMOTO','10.00'),
(67,'01','06','03','AMAZONAS','RODRIGUEZ DE MENDOZA','COCHAMAL','10.00'),
(68,'01','06','04','AMAZONAS','RODRIGUEZ DE MENDOZA','HUAMBO','10.00'),
(69,'01','06','05','AMAZONAS','RODRIGUEZ DE MENDOZA','LIMABAMBA','10.00'),
(70,'01','06','06','AMAZONAS','RODRIGUEZ DE MENDOZA','LONGAR','10.00'),
(71,'01','06','07','AMAZONAS','RODRIGUEZ DE MENDOZA','MARISCAL BENAVIDES','10.00'),
(72,'01','06','08','AMAZONAS','RODRIGUEZ DE MENDOZA','MILPUC','10.00'),
(73,'01','06','09','AMAZONAS','RODRIGUEZ DE MENDOZA','OMIA','10.00'),
(74,'01','06','10','AMAZONAS','RODRIGUEZ DE MENDOZA','SANTA ROSA','10.00'),
(75,'01','06','11','AMAZONAS','RODRIGUEZ DE MENDOZA','TOTORA','10.00'),
(76,'01','06','12','AMAZONAS','RODRIGUEZ DE MENDOZA','VISTA ALEGRE','10.00'),
(77,'01','07','01','AMAZONAS','UTCUBAMBA','BAGUA GRANDE','10.00'),
(78,'01','07','02','AMAZONAS','UTCUBAMBA','CAJARURO','10.00'),
(79,'01','07','03','AMAZONAS','UTCUBAMBA','CUMBA','10.00'),
(80,'01','07','04','AMAZONAS','UTCUBAMBA','EL MILAGRO','10.00'),
(81,'01','07','05','AMAZONAS','UTCUBAMBA','JAMALCA','10.00'),
(82,'01','07','06','AMAZONAS','UTCUBAMBA','LONYA GRANDE','10.00'),
(83,'01','07','07','AMAZONAS','UTCUBAMBA','YAMON','10.00'),
(84,'02','01','01','ANCASH','HUARAZ','HUARAZ','10.00'),
(85,'02','01','02','ANCASH','HUARAZ','COCHABAMBA','10.00'),
(86,'02','01','03','ANCASH','HUARAZ','COLCABAMBA','10.00'),
(87,'02','01','04','ANCASH','HUARAZ','HUANCHAY','10.00'),
(88,'02','01','05','ANCASH','HUARAZ','INDEPENDENCIA','10.00'),
(89,'02','01','06','ANCASH','HUARAZ','JANGAS','10.00'),
(90,'02','01','07','ANCASH','HUARAZ','LA LIBERTAD','10.00'),
(91,'02','01','08','ANCASH','HUARAZ','OLLEROS','10.00'),
(92,'02','01','09','ANCASH','HUARAZ','PAMPAS','10.00'),
(93,'02','01','10','ANCASH','HUARAZ','PARIACOTO','10.00'),
(94,'02','01','11','ANCASH','HUARAZ','PIRA','10.00'),
(95,'02','01','12','ANCASH','HUARAZ','TARICA','10.00'),
(96,'02','02','01','ANCASH','AIJA','AIJA','10.00'),
(97,'02','02','02','ANCASH','AIJA','CORIS','10.00'),
(98,'02','02','03','ANCASH','AIJA','HUACLLAN','10.00'),
(99,'02','02','04','ANCASH','AIJA','LA MERCED','10.00'),
(100,'02','02','05','ANCASH','AIJA','SUCCHA','10.00'),
(101,'02','03','01','ANCASH','ANTONIO RAYMONDI','LLAMELLIN','10.00'),
(102,'02','03','02','ANCASH','ANTONIO RAYMONDI','ACZO','10.00'),
(103,'02','03','03','ANCASH','ANTONIO RAYMONDI','CHACCHO','10.00'),
(104,'02','03','04','ANCASH','ANTONIO RAYMONDI','CHINGAS','10.00'),
(105,'02','03','05','ANCASH','ANTONIO RAYMONDI','MIRGAS','10.00'),
(106,'02','03','06','ANCASH','ANTONIO RAYMONDI','SAN JUAN DE RONTOY','10.00'),
(107,'02','04','01','ANCASH','ASUNCION','CHACAS','10.00'),
(108,'02','04','02','ANCASH','ASUNCION','ACOCHACA','10.00'),
(109,'02','05','01','ANCASH','BOLOGNESI','CHIQUIAN','10.00'),
(110,'02','05','02','ANCASH','BOLOGNESI','ABELARDO PARDO LEZAMETA','10.00'),
(111,'02','05','03','ANCASH','BOLOGNESI','ANTONIO RAYMONDI','10.00'),
(112,'02','05','04','ANCASH','BOLOGNESI','AQUIA','10.00'),
(113,'02','05','05','ANCASH','BOLOGNESI','CAJACAY','10.00'),
(114,'02','05','06','ANCASH','BOLOGNESI','CANIS','10.00'),
(115,'02','05','07','ANCASH','BOLOGNESI','COLQUIOC','10.00'),
(116,'02','05','08','ANCASH','BOLOGNESI','HUALLANCA','10.00'),
(117,'02','05','09','ANCASH','BOLOGNESI','HUASTA','10.00'),
(118,'02','05','10','ANCASH','BOLOGNESI','HUAYLLACAYAN','10.00'),
(119,'02','05','11','ANCASH','BOLOGNESI','LA PRIMAVERA','10.00'),
(120,'02','05','12','ANCASH','BOLOGNESI','MANGAS','10.00'),
(121,'02','05','13','ANCASH','BOLOGNESI','PACLLON','10.00'),
(122,'02','05','14','ANCASH','BOLOGNESI','SAN MIGUEL DE CORPANQUI','10.00'),
(123,'02','05','15','ANCASH','BOLOGNESI','TICLLOS','10.00'),
(124,'02','06','01','ANCASH','CARHUAZ','CARHUAZ','10.00'),
(125,'02','06','02','ANCASH','CARHUAZ','ACOPAMPA','10.00'),
(126,'02','06','03','ANCASH','CARHUAZ','AMASHCA','10.00'),
(127,'02','06','04','ANCASH','CARHUAZ','ANTA','10.00'),
(128,'02','06','05','ANCASH','CARHUAZ','ATAQUERO','10.00'),
(129,'02','06','06','ANCASH','CARHUAZ','MARCARA','10.00'),
(130,'02','06','07','ANCASH','CARHUAZ','PARIAHUANCA','10.00'),
(131,'02','06','08','ANCASH','CARHUAZ','SAN MIGUEL DE ACO','10.00'),
(132,'02','06','09','ANCASH','CARHUAZ','SHILLA','10.00'),
(133,'02','06','10','ANCASH','CARHUAZ','TINCO','10.00'),
(134,'02','06','11','ANCASH','CARHUAZ','YUNGAR','10.00'),
(135,'02','07','01','ANCASH','CARLOS FERMIN FITZCARRALD','SAN LUIS','10.00'),
(136,'02','07','02','ANCASH','CARLOS FERMIN FITZCARRALD','SAN NICOLAS','10.00'),
(137,'02','07','03','ANCASH','CARLOS FERMIN FITZCARRALD','YAUYA','10.00'),
(138,'02','08','01','ANCASH','CASMA','CASMA','10.00'),
(139,'02','08','02','ANCASH','CASMA','BUENA VISTA ALTA','10.00'),
(140,'02','08','03','ANCASH','CASMA','COMANDANTE NOEL','10.00'),
(141,'02','08','04','ANCASH','CASMA','YAUTAN','10.00'),
(142,'02','09','01','ANCASH','CORONGO','CORONGO','10.00'),
(143,'02','09','02','ANCASH','CORONGO','ACO','10.00'),
(144,'02','09','03','ANCASH','CORONGO','BAMBAS','10.00'),
(145,'02','09','04','ANCASH','CORONGO','CUSCA','10.00'),
(146,'02','09','05','ANCASH','CORONGO','LA PAMPA','10.00'),
(147,'02','09','06','ANCASH','CORONGO','YANAC','10.00'),
(148,'02','09','07','ANCASH','CORONGO','YUPAN','10.00'),
(149,'02','10','01','ANCASH','HUARI','HUARI','10.00'),
(150,'02','10','02','ANCASH','HUARI','ANRA','10.00'),
(151,'02','10','03','ANCASH','HUARI','CAJAY','10.00'),
(152,'02','10','04','ANCASH','HUARI','CHAVIN DE HUANTAR','10.00'),
(153,'02','10','05','ANCASH','HUARI','HUACACHI','10.00'),
(154,'02','10','06','ANCASH','HUARI','HUACCHIS','10.00'),
(155,'02','10','07','ANCASH','HUARI','HUACHIS','10.00'),
(156,'02','10','08','ANCASH','HUARI','HUANTAR','10.00'),
(157,'02','10','09','ANCASH','HUARI','MASIN','10.00'),
(158,'02','10','10','ANCASH','HUARI','PAUCAS','10.00'),
(159,'02','10','11','ANCASH','HUARI','PONTO','10.00'),
(160,'02','10','12','ANCASH','HUARI','RAHUAPAMPA','10.00'),
(161,'02','10','13','ANCASH','HUARI','RAPAYAN','10.00'),
(162,'02','10','14','ANCASH','HUARI','SAN MARCOS','10.00'),
(163,'02','10','15','ANCASH','HUARI','SAN PEDRO DE CHANA','10.00'),
(164,'02','10','16','ANCASH','HUARI','UCO','10.00'),
(165,'02','11','01','ANCASH','HUARMEY','HUARMEY','10.00'),
(166,'02','11','02','ANCASH','HUARMEY','COCHAPETI','10.00'),
(167,'02','11','03','ANCASH','HUARMEY','CULEBRAS','10.00'),
(168,'02','11','04','ANCASH','HUARMEY','HUAYAN','10.00'),
(169,'02','11','05','ANCASH','HUARMEY','MALVAS','10.00'),
(170,'02','12','01','ANCASH','HUAYLAS','CARAZ','10.00'),
(171,'02','12','02','ANCASH','HUAYLAS','HUALLANCA','10.00'),
(172,'02','12','03','ANCASH','HUAYLAS','HUATA','10.00'),
(173,'02','12','04','ANCASH','HUAYLAS','HUAYLAS','10.00'),
(174,'02','12','05','ANCASH','HUAYLAS','MATO','10.00'),
(175,'02','12','06','ANCASH','HUAYLAS','PAMPAROMAS','10.00'),
(176,'02','12','07','ANCASH','HUAYLAS','PUEBLO LIBRE','10.00'),
(177,'02','12','08','ANCASH','HUAYLAS','SANTA CRUZ','10.00'),
(178,'02','12','09','ANCASH','HUAYLAS','SANTO TORIBIO','10.00'),
(179,'02','12','10','ANCASH','HUAYLAS','YURACMARCA','10.00'),
(180,'02','13','01','ANCASH','MARISCAL LUZURIAGA','PISCOBAMBA','10.00'),
(181,'02','13','02','ANCASH','MARISCAL LUZURIAGA','CASCA','10.00'),
(182,'02','13','03','ANCASH','MARISCAL LUZURIAGA','ELEAZAR GUZMAN BARRON','10.00'),
(183,'02','13','04','ANCASH','MARISCAL LUZURIAGA','FIDEL OLIVAS ESCUDERO','10.00'),
(184,'02','13','05','ANCASH','MARISCAL LUZURIAGA','LLAMA','10.00'),
(185,'02','13','06','ANCASH','MARISCAL LUZURIAGA','LLUMPA','10.00'),
(186,'02','13','07','ANCASH','MARISCAL LUZURIAGA','LUCMA','10.00'),
(187,'02','13','08','ANCASH','MARISCAL LUZURIAGA','MUSGA','10.00'),
(188,'02','14','01','ANCASH','OCROS','OCROS','10.00'),
(189,'02','14','02','ANCASH','OCROS','ACAS','10.00'),
(190,'02','14','03','ANCASH','OCROS','CAJAMARQUILLA','10.00'),
(191,'02','14','04','ANCASH','OCROS','CARHUAPAMPA','10.00'),
(192,'02','14','05','ANCASH','OCROS','COCHAS','10.00'),
(193,'02','14','06','ANCASH','OCROS','CONGAS','10.00'),
(194,'02','14','07','ANCASH','OCROS','LLIPA','10.00'),
(195,'02','14','08','ANCASH','OCROS','SAN CRISTOBAL DE RAJAN','10.00'),
(196,'02','14','09','ANCASH','OCROS','SAN PEDRO','10.00'),
(197,'02','14','10','ANCASH','OCROS','SANTIAGO DE CHILCAS','10.00'),
(198,'02','15','01','ANCASH','PALLASCA','CABANA','10.00'),
(199,'02','15','02','ANCASH','PALLASCA','BOLOGNESI','10.00'),
(200,'02','15','03','ANCASH','PALLASCA','CONCHUCOS','10.00'),
(201,'02','15','04','ANCASH','PALLASCA','HUACASCHUQUE','10.00'),
(202,'02','15','05','ANCASH','PALLASCA','HUANDOVAL','10.00'),
(203,'02','15','06','ANCASH','PALLASCA','LACABAMBA','10.00'),
(204,'02','15','07','ANCASH','PALLASCA','LLAPO','10.00'),
(205,'02','15','08','ANCASH','PALLASCA','PALLASCA','10.00'),
(206,'02','15','09','ANCASH','PALLASCA','PAMPAS','10.00'),
(207,'02','15','10','ANCASH','PALLASCA','SANTA ROSA','10.00'),
(208,'02','15','11','ANCASH','PALLASCA','TAUCA','10.00'),
(209,'02','16','01','ANCASH','POMABAMBA','POMABAMBA','10.00'),
(210,'02','16','02','ANCASH','POMABAMBA','HUAYLLAN','10.00'),
(211,'02','16','03','ANCASH','POMABAMBA','PAROBAMBA','10.00'),
(212,'02','16','04','ANCASH','POMABAMBA','QUINUABAMBA','10.00'),
(213,'02','17','01','ANCASH','RECUAY','RECUAY','10.00'),
(214,'02','17','02','ANCASH','RECUAY','CATAC','10.00'),
(215,'02','17','03','ANCASH','RECUAY','COTAPARACO','10.00'),
(216,'02','17','04','ANCASH','RECUAY','HUAYLLAPAMPA','10.00'),
(217,'02','17','05','ANCASH','RECUAY','LLACLLIN','10.00'),
(218,'02','17','06','ANCASH','RECUAY','MARCA','10.00'),
(219,'02','17','07','ANCASH','RECUAY','PAMPAS CHICO','10.00'),
(220,'02','17','08','ANCASH','RECUAY','PARARIN','10.00'),
(221,'02','17','09','ANCASH','RECUAY','TAPACOCHA','10.00'),
(222,'02','17','10','ANCASH','RECUAY','TICAPAMPA','10.00'),
(223,'02','18','01','ANCASH','SANTA','CHIMBOTE','10.00'),
(224,'02','18','02','ANCASH','SANTA','CACERES DEL PERU','10.00'),
(225,'02','18','03','ANCASH','SANTA','COISHCO','10.00'),
(226,'02','18','04','ANCASH','SANTA','MACATE','10.00'),
(227,'02','18','05','ANCASH','SANTA','MORO','10.00'),
(228,'02','18','06','ANCASH','SANTA','NEPE헤','10.00'),
(229,'02','18','07','ANCASH','SANTA','SAMANCO','10.00'),
(230,'02','18','08','ANCASH','SANTA','SANTA','10.00'),
(231,'02','18','09','ANCASH','SANTA','NUEVO CHIMBOTE','10.00'),
(232,'02','19','01','ANCASH','SIHUAS','SIHUAS','10.00'),
(233,'02','19','02','ANCASH','SIHUAS','ACOBAMBA','10.00'),
(234,'02','19','03','ANCASH','SIHUAS','ALFONSO UGARTE','10.00'),
(235,'02','19','04','ANCASH','SIHUAS','CASHAPAMPA','10.00'),
(236,'02','19','05','ANCASH','SIHUAS','CHINGALPO','10.00'),
(237,'02','19','06','ANCASH','SIHUAS','HUAYLLABAMBA','10.00'),
(238,'02','19','07','ANCASH','SIHUAS','QUICHES','10.00'),
(239,'02','19','08','ANCASH','SIHUAS','RAGASH','10.00'),
(240,'02','19','09','ANCASH','SIHUAS','SAN JUAN','10.00'),
(241,'02','19','10','ANCASH','SIHUAS','SICSIBAMBA','10.00'),
(242,'02','20','01','ANCASH','YUNGAY','YUNGAY','10.00'),
(243,'02','20','02','ANCASH','YUNGAY','CASCAPARA','10.00'),
(244,'02','20','03','ANCASH','YUNGAY','MANCOS','10.00'),
(245,'02','20','04','ANCASH','YUNGAY','MATACOTO','10.00'),
(246,'02','20','05','ANCASH','YUNGAY','QUILLO','10.00'),
(247,'02','20','06','ANCASH','YUNGAY','RANRAHIRCA','10.00'),
(248,'02','20','07','ANCASH','YUNGAY','SHUPLUY','10.00'),
(249,'02','20','08','ANCASH','YUNGAY','YANAMA','10.00'),
(250,'03','01','01','APURIMAC','ABANCAY','ABANCAY','10.00'),
(251,'03','01','02','APURIMAC','ABANCAY','CHACOCHE','10.00'),
(252,'03','01','03','APURIMAC','ABANCAY','CIRCA','10.00'),
(253,'03','01','04','APURIMAC','ABANCAY','CURAHUASI','10.00'),
(254,'03','01','05','APURIMAC','ABANCAY','HUANIPACA','10.00'),
(255,'03','01','06','APURIMAC','ABANCAY','LAMBRAMA','10.00'),
(256,'03','01','07','APURIMAC','ABANCAY','PICHIRHUA','10.00'),
(257,'03','01','08','APURIMAC','ABANCAY','SAN PEDRO DE CACHORA','10.00'),
(258,'03','01','09','APURIMAC','ABANCAY','TAMBURCO','10.00'),
(259,'03','02','01','APURIMAC','ANDAHUAYLAS','ANDAHUAYLAS','10.00'),
(260,'03','02','02','APURIMAC','ANDAHUAYLAS','ANDARAPA','10.00'),
(261,'03','02','03','APURIMAC','ANDAHUAYLAS','CHIARA','10.00'),
(262,'03','02','04','APURIMAC','ANDAHUAYLAS','HUANCARAMA','10.00'),
(263,'03','02','05','APURIMAC','ANDAHUAYLAS','HUANCARAY','10.00'),
(264,'03','02','06','APURIMAC','ANDAHUAYLAS','HUAYANA','10.00'),
(265,'03','02','07','APURIMAC','ANDAHUAYLAS','KISHUARA','10.00'),
(266,'03','02','08','APURIMAC','ANDAHUAYLAS','PACOBAMBA','10.00'),
(267,'03','02','09','APURIMAC','ANDAHUAYLAS','PACUCHA','10.00'),
(268,'03','02','10','APURIMAC','ANDAHUAYLAS','PAMPACHIRI','10.00'),
(269,'03','02','11','APURIMAC','ANDAHUAYLAS','POMACOCHA','10.00'),
(270,'03','02','12','APURIMAC','ANDAHUAYLAS','SAN ANTONIO DE CACHI','10.00'),
(271,'03','02','13','APURIMAC','ANDAHUAYLAS','SAN JERONIMO','10.00'),
(272,'03','02','14','APURIMAC','ANDAHUAYLAS','SAN MIGUEL DE CHACCRAMPA','10.00'),
(273,'03','02','15','APURIMAC','ANDAHUAYLAS','SANTA MARIA DE CHICMO','10.00'),
(274,'03','02','16','APURIMAC','ANDAHUAYLAS','TALAVERA','10.00'),
(275,'03','02','17','APURIMAC','ANDAHUAYLAS','TUMAY HUARACA','10.00'),
(276,'03','02','18','APURIMAC','ANDAHUAYLAS','TURPO','10.00'),
(277,'03','02','19','APURIMAC','ANDAHUAYLAS','KAQUIABAMBA','10.00'),
(278,'03','03','01','APURIMAC','ANTABAMBA','ANTABAMBA','10.00'),
(279,'03','03','02','APURIMAC','ANTABAMBA','EL ORO','10.00'),
(280,'03','03','03','APURIMAC','ANTABAMBA','HUAQUIRCA','10.00'),
(281,'03','03','04','APURIMAC','ANTABAMBA','JUAN ESPINOZA MEDRANO','10.00'),
(282,'03','03','05','APURIMAC','ANTABAMBA','OROPESA','10.00'),
(283,'03','03','06','APURIMAC','ANTABAMBA','PACHACONAS','10.00'),
(284,'03','03','07','APURIMAC','ANTABAMBA','SABAINO','10.00'),
(285,'03','04','01','APURIMAC','AYMARAES','CHALHUANCA','10.00'),
(286,'03','04','02','APURIMAC','AYMARAES','CAPAYA','10.00'),
(287,'03','04','03','APURIMAC','AYMARAES','CARAYBAMBA','10.00'),
(288,'03','04','04','APURIMAC','AYMARAES','CHAPIMARCA','10.00'),
(289,'03','04','05','APURIMAC','AYMARAES','COLCABAMBA','10.00'),
(290,'03','04','06','APURIMAC','AYMARAES','COTARUSE','10.00'),
(291,'03','04','07','APURIMAC','AYMARAES','HUAYLLO','10.00'),
(292,'03','04','08','APURIMAC','AYMARAES','JUSTO APU SAHUARAURA','10.00'),
(293,'03','04','09','APURIMAC','AYMARAES','LUCRE','10.00'),
(294,'03','04','10','APURIMAC','AYMARAES','POCOHUANCA','10.00'),
(295,'03','04','11','APURIMAC','AYMARAES','SAN JUAN DE CHAC헤','10.00'),
(296,'03','04','12','APURIMAC','AYMARAES','SA헤YCA','10.00'),
(297,'03','04','13','APURIMAC','AYMARAES','SORAYA','10.00'),
(298,'03','04','14','APURIMAC','AYMARAES','TAPAIRIHUA','10.00'),
(299,'03','04','15','APURIMAC','AYMARAES','TINTAY','10.00'),
(300,'03','04','16','APURIMAC','AYMARAES','TORAYA','10.00'),
(301,'03','04','17','APURIMAC','AYMARAES','YANACA','10.00'),
(302,'03','05','01','APURIMAC','COTABAMBAS','TAMBOBAMBA','10.00'),
(303,'03','05','02','APURIMAC','COTABAMBAS','COTABAMBAS','10.00'),
(304,'03','05','03','APURIMAC','COTABAMBAS','COYLLURQUI','10.00'),
(305,'03','05','04','APURIMAC','COTABAMBAS','HAQUIRA','10.00'),
(306,'03','05','05','APURIMAC','COTABAMBAS','MARA','10.00'),
(307,'03','05','06','APURIMAC','COTABAMBAS','CHALLHUAHUACHO','10.00'),
(308,'03','06','01','APURIMAC','CHINCHEROS','CHINCHEROS','10.00'),
(309,'03','06','02','APURIMAC','CHINCHEROS','ANCO_HUALLO','10.00'),
(310,'03','06','03','APURIMAC','CHINCHEROS','COCHARCAS','10.00'),
(311,'03','06','04','APURIMAC','CHINCHEROS','HUACCANA','10.00'),
(312,'03','06','05','APURIMAC','CHINCHEROS','OCOBAMBA','10.00'),
(313,'03','06','06','APURIMAC','CHINCHEROS','ONGOY','10.00'),
(314,'03','06','07','APURIMAC','CHINCHEROS','URANMARCA','10.00'),
(315,'03','06','08','APURIMAC','CHINCHEROS','RANRACANCHA','10.00'),
(316,'03','07','01','APURIMAC','GRAU','CHUQUIBAMBILLA','10.00'),
(317,'03','07','02','APURIMAC','GRAU','CURPAHUASI','10.00'),
(318,'03','07','03','APURIMAC','GRAU','GAMARRA','10.00'),
(319,'03','07','04','APURIMAC','GRAU','HUAYLLATI','10.00'),
(320,'03','07','05','APURIMAC','GRAU','MAMARA','10.00'),
(321,'03','07','06','APURIMAC','GRAU','MICAELA BASTIDAS','10.00'),
(322,'03','07','07','APURIMAC','GRAU','PATAYPAMPA','10.00'),
(323,'03','07','08','APURIMAC','GRAU','PROGRESO','10.00'),
(324,'03','07','09','APURIMAC','GRAU','SAN ANTONIO','10.00'),
(325,'03','07','10','APURIMAC','GRAU','SANTA ROSA','10.00'),
(326,'03','07','11','APURIMAC','GRAU','TURPAY','10.00'),
(327,'03','07','12','APURIMAC','GRAU','VILCABAMBA','10.00'),
(328,'03','07','13','APURIMAC','GRAU','VIRUNDO','10.00'),
(329,'03','07','14','APURIMAC','GRAU','CURASCO','10.00'),
(330,'04','01','01','AREQUIPA','AREQUIPA','AREQUIPA','10.00'),
(331,'04','01','02','AREQUIPA','AREQUIPA','ALTO SELVA ALEGRE','10.00'),
(332,'04','01','03','AREQUIPA','AREQUIPA','CAYMA','10.00'),
(333,'04','01','04','AREQUIPA','AREQUIPA','CERRO COLORADO','10.00'),
(334,'04','01','05','AREQUIPA','AREQUIPA','CHARACATO','10.00'),
(335,'04','01','06','AREQUIPA','AREQUIPA','CHIGUATA','10.00'),
(336,'04','01','07','AREQUIPA','AREQUIPA','JACOBO HUNTER','10.00'),
(337,'04','01','08','AREQUIPA','AREQUIPA','LA JOYA','10.00'),
(338,'04','01','09','AREQUIPA','AREQUIPA','MARIANO MELGAR','10.00'),
(339,'04','01','10','AREQUIPA','AREQUIPA','MIRAFLORES','10.00'),
(340,'04','01','11','AREQUIPA','AREQUIPA','MOLLEBAYA','10.00'),
(341,'04','01','12','AREQUIPA','AREQUIPA','PAUCARPATA','10.00'),
(342,'04','01','13','AREQUIPA','AREQUIPA','POCSI','10.00'),
(343,'04','01','14','AREQUIPA','AREQUIPA','POLOBAYA','10.00'),
(344,'04','01','15','AREQUIPA','AREQUIPA','QUEQUE헤','10.00'),
(345,'04','01','16','AREQUIPA','AREQUIPA','SABANDIA','10.00'),
(346,'04','01','17','AREQUIPA','AREQUIPA','SACHACA','10.00'),
(347,'04','01','18','AREQUIPA','AREQUIPA','SAN JUAN DE SIGUAS','10.00'),
(348,'04','01','19','AREQUIPA','AREQUIPA','SAN JUAN DE TARUCANI','10.00'),
(349,'04','01','20','AREQUIPA','AREQUIPA','SANTA ISABEL DE SIGUAS','10.00'),
(350,'04','01','21','AREQUIPA','AREQUIPA','SANTA RITA DE SIGUAS','10.00'),
(351,'04','01','22','AREQUIPA','AREQUIPA','SOCABAYA','10.00'),
(352,'04','01','23','AREQUIPA','AREQUIPA','TIABAYA','10.00'),
(353,'04','01','24','AREQUIPA','AREQUIPA','UCHUMAYO','10.00'),
(354,'04','01','25','AREQUIPA','AREQUIPA','VITOR','10.00'),
(355,'04','01','26','AREQUIPA','AREQUIPA','YANAHUARA','10.00'),
(356,'04','01','27','AREQUIPA','AREQUIPA','YARABAMBA','10.00'),
(357,'04','01','28','AREQUIPA','AREQUIPA','YURA','10.00'),
(358,'04','01','29','AREQUIPA','AREQUIPA','JOSE LUIS BUSTAMANTE Y RIVERO','10.00'),
(359,'04','02','01','AREQUIPA','CAMANA','CAMANA','10.00'),
(360,'04','02','02','AREQUIPA','CAMANA','JOSE MARIA QUIMPER','10.00'),
(361,'04','02','03','AREQUIPA','CAMANA','MARIANO NICOLAS VALCARCEL','10.00'),
(362,'04','02','04','AREQUIPA','CAMANA','MARISCAL CACERES','10.00'),
(363,'04','02','05','AREQUIPA','CAMANA','NICOLAS DE PIEROLA','10.00'),
(364,'04','02','06','AREQUIPA','CAMANA','OCO헤','10.00'),
(365,'04','02','07','AREQUIPA','CAMANA','QUILCA','10.00'),
(366,'04','02','08','AREQUIPA','CAMANA','SAMUEL PASTOR','10.00'),
(367,'04','03','01','AREQUIPA','CARAVELI','CARAVELI','10.00'),
(368,'04','03','02','AREQUIPA','CARAVELI','ACARI','10.00'),
(369,'04','03','03','AREQUIPA','CARAVELI','ATICO','10.00'),
(370,'04','03','04','AREQUIPA','CARAVELI','ATIQUIPA','10.00'),
(371,'04','03','05','AREQUIPA','CARAVELI','BELLA UNION','10.00'),
(372,'04','03','06','AREQUIPA','CARAVELI','CAHUACHO','10.00'),
(373,'04','03','07','AREQUIPA','CARAVELI','CHALA','10.00'),
(374,'04','03','08','AREQUIPA','CARAVELI','CHAPARRA','10.00'),
(375,'04','03','09','AREQUIPA','CARAVELI','HUANUHUANU','10.00'),
(376,'04','03','10','AREQUIPA','CARAVELI','JAQUI','10.00'),
(377,'04','03','11','AREQUIPA','CARAVELI','LOMAS','10.00'),
(378,'04','03','12','AREQUIPA','CARAVELI','QUICACHA','10.00'),
(379,'04','03','13','AREQUIPA','CARAVELI','YAUCA','10.00'),
(380,'04','04','01','AREQUIPA','CASTILLA','APLAO','10.00'),
(381,'04','04','02','AREQUIPA','CASTILLA','ANDAGUA','10.00'),
(382,'04','04','03','AREQUIPA','CASTILLA','AYO','10.00'),
(383,'04','04','04','AREQUIPA','CASTILLA','CHACHAS','10.00'),
(384,'04','04','05','AREQUIPA','CASTILLA','CHILCAYMARCA','10.00'),
(385,'04','04','06','AREQUIPA','CASTILLA','CHOCO','10.00'),
(386,'04','04','07','AREQUIPA','CASTILLA','HUANCARQUI','10.00'),
(387,'04','04','08','AREQUIPA','CASTILLA','MACHAGUAY','10.00'),
(388,'04','04','09','AREQUIPA','CASTILLA','ORCOPAMPA','10.00'),
(389,'04','04','10','AREQUIPA','CASTILLA','PAMPACOLCA','10.00'),
(390,'04','04','11','AREQUIPA','CASTILLA','TIPAN','10.00'),
(391,'04','04','12','AREQUIPA','CASTILLA','U헲N','10.00'),
(392,'04','04','13','AREQUIPA','CASTILLA','URACA','10.00'),
(393,'04','04','14','AREQUIPA','CASTILLA','VIRACO','10.00'),
(394,'04','05','01','AREQUIPA','CAYLLOMA','CHIVAY','10.00'),
(395,'04','05','02','AREQUIPA','CAYLLOMA','ACHOMA','10.00'),
(396,'04','05','03','AREQUIPA','CAYLLOMA','CABANACONDE','10.00'),
(397,'04','05','04','AREQUIPA','CAYLLOMA','CALLALLI','10.00'),
(398,'04','05','05','AREQUIPA','CAYLLOMA','CAYLLOMA','10.00'),
(399,'04','05','06','AREQUIPA','CAYLLOMA','COPORAQUE','10.00'),
(400,'04','05','07','AREQUIPA','CAYLLOMA','HUAMBO','10.00'),
(401,'04','05','08','AREQUIPA','CAYLLOMA','HUANCA','10.00'),
(402,'04','05','09','AREQUIPA','CAYLLOMA','ICHUPAMPA','10.00'),
(403,'04','05','10','AREQUIPA','CAYLLOMA','LARI','10.00'),
(404,'04','05','11','AREQUIPA','CAYLLOMA','LLUTA','10.00'),
(405,'04','05','12','AREQUIPA','CAYLLOMA','MACA','10.00'),
(406,'04','05','13','AREQUIPA','CAYLLOMA','MADRIGAL','10.00'),
(407,'04','05','14','AREQUIPA','CAYLLOMA','SAN ANTONIO DE CHUCA','10.00'),
(408,'04','05','15','AREQUIPA','CAYLLOMA','SIBAYO','10.00'),
(409,'04','05','16','AREQUIPA','CAYLLOMA','TAPAY','10.00'),
(410,'04','05','17','AREQUIPA','CAYLLOMA','TISCO','10.00'),
(411,'04','05','18','AREQUIPA','CAYLLOMA','TUTI','10.00'),
(412,'04','05','19','AREQUIPA','CAYLLOMA','YANQUE','10.00'),
(413,'04','05','20','AREQUIPA','CAYLLOMA','MAJES','10.00'),
(414,'04','06','01','AREQUIPA','CONDESUYOS','CHUQUIBAMBA','10.00'),
(415,'04','06','02','AREQUIPA','CONDESUYOS','ANDARAY','10.00'),
(416,'04','06','03','AREQUIPA','CONDESUYOS','CAYARANI','10.00'),
(417,'04','06','04','AREQUIPA','CONDESUYOS','CHICHAS','10.00'),
(418,'04','06','05','AREQUIPA','CONDESUYOS','IRAY','10.00'),
(419,'04','06','06','AREQUIPA','CONDESUYOS','RIO GRANDE','10.00'),
(420,'04','06','07','AREQUIPA','CONDESUYOS','SALAMANCA','10.00'),
(421,'04','06','08','AREQUIPA','CONDESUYOS','YANAQUIHUA','10.00'),
(422,'04','07','01','AREQUIPA','ISLAY','MOLLENDO','10.00'),
(423,'04','07','02','AREQUIPA','ISLAY','COCACHACRA','10.00'),
(424,'04','07','03','AREQUIPA','ISLAY','DEAN VALDIVIA','10.00'),
(425,'04','07','04','AREQUIPA','ISLAY','ISLAY','10.00'),
(426,'04','07','05','AREQUIPA','ISLAY','MEJIA','10.00'),
(427,'04','07','06','AREQUIPA','ISLAY','PUNTA DE BOMBON','10.00'),
(428,'04','08','01','AREQUIPA','LA UNION','COTAHUASI','10.00'),
(429,'04','08','02','AREQUIPA','LA UNION','ALCA','10.00'),
(430,'04','08','03','AREQUIPA','LA UNION','CHARCANA','10.00'),
(431,'04','08','04','AREQUIPA','LA UNION','HUAYNACOTAS','10.00'),
(432,'04','08','05','AREQUIPA','LA UNION','PAMPAMARCA','10.00'),
(433,'04','08','06','AREQUIPA','LA UNION','PUYCA','10.00'),
(434,'04','08','07','AREQUIPA','LA UNION','QUECHUALLA','10.00'),
(435,'04','08','08','AREQUIPA','LA UNION','SAYLA','10.00'),
(436,'04','08','09','AREQUIPA','LA UNION','TAURIA','10.00'),
(437,'04','08','10','AREQUIPA','LA UNION','TOMEPAMPA','10.00'),
(438,'04','08','11','AREQUIPA','LA UNION','TORO','10.00'),
(439,'05','01','01','AYACUCHO','HUAMANGA','AYACUCHO','10.00'),
(440,'05','01','02','AYACUCHO','HUAMANGA','ACOCRO','10.00'),
(441,'05','01','03','AYACUCHO','HUAMANGA','ACOS VINCHOS','10.00'),
(442,'05','01','04','AYACUCHO','HUAMANGA','CARMEN ALTO','10.00'),
(443,'05','01','05','AYACUCHO','HUAMANGA','CHIARA','10.00'),
(444,'05','01','06','AYACUCHO','HUAMANGA','OCROS','10.00'),
(445,'05','01','07','AYACUCHO','HUAMANGA','PACAYCASA','10.00'),
(446,'05','01','08','AYACUCHO','HUAMANGA','QUINUA','10.00'),
(447,'05','01','09','AYACUCHO','HUAMANGA','SAN JOSE DE TICLLAS','10.00'),
(448,'05','01','10','AYACUCHO','HUAMANGA','SAN JUAN BAUTISTA','10.00'),
(449,'05','01','11','AYACUCHO','HUAMANGA','SANTIAGO DE PISCHA','10.00'),
(450,'05','01','12','AYACUCHO','HUAMANGA','SOCOS','10.00'),
(451,'05','01','13','AYACUCHO','HUAMANGA','TAMBILLO','10.00'),
(452,'05','01','14','AYACUCHO','HUAMANGA','VINCHOS','10.00'),
(453,'05','01','15','AYACUCHO','HUAMANGA','JESUS NAZARENO','10.00'),
(454,'05','02','01','AYACUCHO','CANGALLO','CANGALLO','10.00'),
(455,'05','02','02','AYACUCHO','CANGALLO','CHUSCHI','10.00'),
(456,'05','02','03','AYACUCHO','CANGALLO','LOS MOROCHUCOS','10.00'),
(457,'05','02','04','AYACUCHO','CANGALLO','MARIA PARADO DE BELLIDO','10.00'),
(458,'05','02','05','AYACUCHO','CANGALLO','PARAS','10.00'),
(459,'05','02','06','AYACUCHO','CANGALLO','TOTOS','10.00'),
(460,'05','03','01','AYACUCHO','HUANCA SANCOS','SANCOS','10.00'),
(461,'05','03','02','AYACUCHO','HUANCA SANCOS','CARAPO','10.00'),
(462,'05','03','03','AYACUCHO','HUANCA SANCOS','SACSAMARCA','10.00'),
(463,'05','03','04','AYACUCHO','HUANCA SANCOS','SANTIAGO DE LUCANAMARCA','10.00'),
(464,'05','04','01','AYACUCHO','HUANTA','HUANTA','10.00'),
(465,'05','04','02','AYACUCHO','HUANTA','AYAHUANCO','10.00'),
(466,'05','04','03','AYACUCHO','HUANTA','HUAMANGUILLA','10.00'),
(467,'05','04','04','AYACUCHO','HUANTA','IGUAIN','10.00'),
(468,'05','04','05','AYACUCHO','HUANTA','LURICOCHA','10.00'),
(469,'05','04','06','AYACUCHO','HUANTA','SANTILLANA','10.00'),
(470,'05','04','07','AYACUCHO','HUANTA','SIVIA','10.00'),
(471,'05','04','08','AYACUCHO','HUANTA','LLOCHEGUA','10.00'),
(472,'05','05','01','AYACUCHO','LA MAR','SAN MIGUEL','10.00'),
(473,'05','05','02','AYACUCHO','LA MAR','ANCO','10.00'),
(474,'05','05','03','AYACUCHO','LA MAR','AYNA','10.00'),
(475,'05','05','04','AYACUCHO','LA MAR','CHILCAS','10.00'),
(476,'05','05','05','AYACUCHO','LA MAR','CHUNGUI','10.00'),
(477,'05','05','06','AYACUCHO','LA MAR','LUIS CARRANZA','10.00'),
(478,'05','05','07','AYACUCHO','LA MAR','SANTA ROSA','10.00'),
(479,'05','05','08','AYACUCHO','LA MAR','TAMBO','10.00'),
(480,'05','06','01','AYACUCHO','LUCANAS','PUQUIO','10.00'),
(481,'05','06','02','AYACUCHO','LUCANAS','AUCARA','10.00'),
(482,'05','06','03','AYACUCHO','LUCANAS','CABANA','10.00'),
(483,'05','06','04','AYACUCHO','LUCANAS','CARMEN SALCEDO','10.00'),
(484,'05','06','05','AYACUCHO','LUCANAS','CHAVI헤','10.00'),
(485,'05','06','06','AYACUCHO','LUCANAS','CHIPAO','10.00'),
(486,'05','06','07','AYACUCHO','LUCANAS','HUAC-HUAS','10.00'),
(487,'05','06','08','AYACUCHO','LUCANAS','LARAMATE','10.00'),
(488,'05','06','09','AYACUCHO','LUCANAS','LEONCIO PRADO','10.00'),
(489,'05','06','10','AYACUCHO','LUCANAS','LLAUTA','10.00'),
(490,'05','06','11','AYACUCHO','LUCANAS','LUCANAS','10.00'),
(491,'05','06','12','AYACUCHO','LUCANAS','OCA헤','10.00'),
(492,'05','06','13','AYACUCHO','LUCANAS','OTOCA','10.00'),
(493,'05','06','14','AYACUCHO','LUCANAS','SAISA','10.00'),
(494,'05','06','15','AYACUCHO','LUCANAS','SAN CRISTOBAL','10.00'),
(495,'05','06','16','AYACUCHO','LUCANAS','SAN JUAN','10.00'),
(496,'05','06','17','AYACUCHO','LUCANAS','SAN PEDRO','10.00'),
(497,'05','06','18','AYACUCHO','LUCANAS','SAN PEDRO DE PALCO','10.00'),
(498,'05','06','19','AYACUCHO','LUCANAS','SANCOS','10.00'),
(499,'05','06','20','AYACUCHO','LUCANAS','SANTA ANA DE HUAYCAHUACHO','10.00'),
(500,'05','06','21','AYACUCHO','LUCANAS','SANTA LUCIA','10.00'),
(501,'05','07','01','AYACUCHO','PARINACOCHAS','CORACORA','10.00'),
(502,'05','07','02','AYACUCHO','PARINACOCHAS','CHUMPI','10.00'),
(503,'05','07','03','AYACUCHO','PARINACOCHAS','CORONEL CASTA헨DA','10.00'),
(504,'05','07','04','AYACUCHO','PARINACOCHAS','PACAPAUSA','10.00'),
(505,'05','07','05','AYACUCHO','PARINACOCHAS','PULLO','10.00'),
(506,'05','07','06','AYACUCHO','PARINACOCHAS','PUYUSCA','10.00'),
(507,'05','07','07','AYACUCHO','PARINACOCHAS','SAN FRANCISCO DE RAVACAYCO','10.00'),
(508,'05','07','08','AYACUCHO','PARINACOCHAS','UPAHUACHO','10.00'),
(509,'05','08','01','AYACUCHO','PAUCAR DEL SARA SARA','PAUSA','10.00'),
(510,'05','08','02','AYACUCHO','PAUCAR DEL SARA SARA','COLTA','10.00'),
(511,'05','08','03','AYACUCHO','PAUCAR DEL SARA SARA','CORCULLA','10.00'),
(512,'05','08','04','AYACUCHO','PAUCAR DEL SARA SARA','LAMPA','10.00'),
(513,'05','08','05','AYACUCHO','PAUCAR DEL SARA SARA','MARCABAMBA','10.00'),
(514,'05','08','06','AYACUCHO','PAUCAR DEL SARA SARA','OYOLO','10.00'),
(515,'05','08','07','AYACUCHO','PAUCAR DEL SARA SARA','PARARCA','10.00'),
(516,'05','08','08','AYACUCHO','PAUCAR DEL SARA SARA','SAN JAVIER DE ALPABAMBA','10.00'),
(517,'05','08','09','AYACUCHO','PAUCAR DEL SARA SARA','SAN JOSE DE USHUA','10.00'),
(518,'05','08','10','AYACUCHO','PAUCAR DEL SARA SARA','SARA SARA','10.00'),
(519,'05','09','01','AYACUCHO','SUCRE','QUEROBAMBA','10.00'),
(520,'05','09','02','AYACUCHO','SUCRE','BELEN','10.00'),
(521,'05','09','03','AYACUCHO','SUCRE','CHALCOS','10.00'),
(522,'05','09','04','AYACUCHO','SUCRE','CHILCAYOC','10.00'),
(523,'05','09','05','AYACUCHO','SUCRE','HUACA헤','10.00'),
(524,'05','09','06','AYACUCHO','SUCRE','MORCOLLA','10.00'),
(525,'05','09','07','AYACUCHO','SUCRE','PAICO','10.00'),
(526,'05','09','08','AYACUCHO','SUCRE','SAN PEDRO DE LARCAY','10.00'),
(527,'05','09','09','AYACUCHO','SUCRE','SAN SALVADOR DE QUIJE','10.00'),
(528,'05','09','10','AYACUCHO','SUCRE','SANTIAGO DE PAUCARAY','10.00'),
(529,'05','09','11','AYACUCHO','SUCRE','SORAS','10.00'),
(530,'05','10','01','AYACUCHO','VICTOR FAJARDO','HUANCAPI','10.00'),
(531,'05','10','02','AYACUCHO','VICTOR FAJARDO','ALCAMENCA','10.00'),
(532,'05','10','03','AYACUCHO','VICTOR FAJARDO','APONGO','10.00'),
(533,'05','10','04','AYACUCHO','VICTOR FAJARDO','ASQUIPATA','10.00'),
(534,'05','10','05','AYACUCHO','VICTOR FAFARDO','CANARIA','10.00'),
(535,'05','10','06','AYACUCHO','VICTOR FAJARDO','CAYARA','10.00'),
(536,'05','10','07','AYACUCHO','VICTOR FAJARDO','COLCA','10.00'),
(537,'05','10','08','AYACUCHO','VICTOR FAJARDO','HUAMANQUIQUIA','10.00'),
(538,'05','10','09','AYACUCHO','VICTOR FAJARDO','HUANCARAYLLA','10.00'),
(539,'05','10','10','AYACUCHO','VICTOR FAJARDO','HUAYA','10.00'),
(540,'05','10','11','AYACUCHO','VICTOR FAJARDO','SARHUA','10.00'),
(541,'05','10','12','AYACUCHO','VICTOR FAJARDO','VILCANCHOS','10.00'),
(542,'05','11','01','AYACUCHO','VILCAS HUAMAN','VILCAS HUAMAN','10.00'),
(543,'05','11','02','AYACUCHO','VILCAS HUAMAN','ACCOMARCA','10.00'),
(544,'05','11','03','AYACUCHO','VILCAS HUAMAN','CARHUANCA','10.00'),
(545,'05','11','04','AYACUCHO','VILCAS HUAMAN','CONCEPCION','10.00'),
(546,'05','11','05','AYACUCHO','VILCAS HUAMAN','HUAMBALPA','10.00'),
(547,'05','11','06','AYACUCHO','VILCAS HUAMAN','INDEPENDENCIA','10.00'),
(548,'05','11','07','AYACUCHO','VILCAS HUAMAN','SAURAMA','10.00'),
(549,'05','11','08','AYACUCHO','VILCAS HUAMAN','VISCHONGO','10.00'),
(550,'06','01','01','CAJAMARCA','CAJAMARCA','CAJAMARCA','10.00'),
(551,'06','01','02','CAJAMARCA','CAJAMARCA','ASUNCION','10.00'),
(552,'06','01','03','CAJAMARCA','CAJAMARCA','CHETILLA','10.00'),
(553,'06','01','04','CAJAMARCA','CAJAMARCA','COSPAN','10.00'),
(554,'06','01','05','CAJAMARCA','CAJAMARCA','ENCA헤DA','10.00'),
(555,'06','01','06','CAJAMARCA','CAJAMARCA','JESUS','10.00'),
(556,'06','01','07','CAJAMARCA','CAJAMARCA','LLACANORA','10.00'),
(557,'06','01','08','CAJAMARCA','CAJAMARCA','LOS BA헲S DEL INCA','10.00'),
(558,'06','01','09','CAJAMARCA','CAJAMARCA','MAGDALENA','10.00'),
(559,'06','01','10','CAJAMARCA','CAJAMARCA','MATARA','10.00'),
(560,'06','01','11','CAJAMARCA','CAJAMARCA','NAMORA','10.00'),
(561,'06','01','12','CAJAMARCA','CAJAMARCA','SAN JUAN','10.00'),
(562,'06','02','01','CAJAMARCA','CAJABAMBA','CAJABAMBA','10.00'),
(563,'06','02','02','CAJAMARCA','CAJABAMBA','CACHACHI','10.00'),
(564,'06','02','03','CAJAMARCA','CAJABAMBA','CONDEBAMBA','10.00'),
(565,'06','02','04','CAJAMARCA','CAJABAMBA','SITACOCHA','10.00'),
(566,'06','03','01','CAJAMARCA','CELENDIN','CELENDIN','10.00'),
(567,'06','03','02','CAJAMARCA','CELENDIN','CHUMUCH','10.00'),
(568,'06','03','03','CAJAMARCA','CELENDIN','CORTEGANA','10.00'),
(569,'06','03','04','CAJAMARCA','CELENDIN','HUASMIN','10.00'),
(570,'06','03','05','CAJAMARCA','CELENDIN','JORGE CHAVEZ','10.00'),
(571,'06','03','06','CAJAMARCA','CELENDIN','JOSE GALVEZ','10.00'),
(572,'06','03','07','CAJAMARCA','CELENDIN','MIGUEL IGLESIAS','10.00'),
(573,'06','03','08','CAJAMARCA','CELENDIN','OXAMARCA','10.00'),
(574,'06','03','09','CAJAMARCA','CELENDIN','SOROCHUCO','10.00'),
(575,'06','03','10','CAJAMARCA','CELENDIN','SUCRE','10.00'),
(576,'06','03','11','CAJAMARCA','CELENDIN','UTCO','10.00'),
(577,'06','03','12','CAJAMARCA','CELENDIN','LA LIBERTAD DE PALLAN','10.00'),
(578,'06','04','01','CAJAMARCA','CHOTA','CHOTA','10.00'),
(579,'06','04','02','CAJAMARCA','CHOTA','ANGUIA','10.00'),
(580,'06','04','03','CAJAMARCA','CHOTA','CHADIN','10.00'),
(581,'06','04','04','CAJAMARCA','CHOTA','CHIGUIRIP','10.00'),
(582,'06','04','05','CAJAMARCA','CHOTA','CHIMBAN','10.00'),
(583,'06','04','06','CAJAMARCA','CHOTA','CHOROPAMPA','10.00'),
(584,'06','04','07','CAJAMARCA','CHOTA','COCHABAMBA','10.00'),
(585,'06','04','08','CAJAMARCA','CHOTA','CONCHAN','10.00'),
(586,'06','04','09','CAJAMARCA','CHOTA','HUAMBOS','10.00'),
(587,'06','04','10','CAJAMARCA','CHOTA','LAJAS','10.00'),
(588,'06','04','11','CAJAMARCA','CHOTA','LLAMA','10.00'),
(589,'06','04','12','CAJAMARCA','CHOTA','MIRACOSTA','10.00'),
(590,'06','04','13','CAJAMARCA','CHOTA','PACCHA','10.00'),
(591,'06','04','14','CAJAMARCA','CHOTA','PION','10.00'),
(592,'06','04','15','CAJAMARCA','CHOTA','QUEROCOTO','10.00'),
(593,'06','04','16','CAJAMARCA','CHOTA','SAN JUAN DE LICUPIS','10.00'),
(594,'06','04','17','CAJAMARCA','CHOTA','TACABAMBA','10.00'),
(595,'06','04','18','CAJAMARCA','CHOTA','TOCMOCHE','10.00'),
(596,'06','04','19','CAJAMARCA','CHOTA','CHALAMARCA','10.00'),
(597,'06','05','01','CAJAMARCA','CONTUMAZA','CONTUMAZA','10.00'),
(598,'06','05','02','CAJAMARCA','CONTUMAZA','CHILETE','10.00'),
(599,'06','05','03','CAJAMARCA','CONTUMAZA','CUPISNIQUE','10.00'),
(600,'06','05','04','CAJAMARCA','CONTUMAZA','GUZMANGO','10.00'),
(601,'06','05','05','CAJAMARCA','CONTUMAZA','SAN BENITO','10.00'),
(602,'06','05','06','CAJAMARCA','CONTUMAZA','SANTA CRUZ DE TOLED','10.00'),
(603,'06','05','07','CAJAMARCA','CONTUMAZA','TANTARICA','10.00'),
(604,'06','05','08','CAJAMARCA','CONTUMAZA','YONAN','10.00'),
(605,'06','06','01','CAJAMARCA','CUTERVO','CUTERVO','10.00'),
(606,'06','06','02','CAJAMARCA','CUTERVO','CALLAYUC','10.00'),
(607,'06','06','03','CAJAMARCA','CUTERVO','CHOROS','10.00'),
(608,'06','06','04','CAJAMARCA','CUTERVO','CUJILLO','10.00'),
(609,'06','06','05','CAJAMARCA','CUTERVO','LA RAMADA','10.00'),
(610,'06','06','06','CAJAMARCA','CUTERVO','PIMPINGOS','10.00'),
(611,'06','06','07','CAJAMARCA','CUTERVO','QUEROCOTILLO','10.00'),
(612,'06','06','08','CAJAMARCA','CUTERVO','SAN ANDRES DE CUTERVO','10.00'),
(613,'06','06','09','CAJAMARCA','CUTERVO','SAN JUAN DE CUTERVO','10.00'),
(614,'06','06','10','CAJAMARCA','CUTERVO','SAN LUIS DE LUCMA','10.00'),
(615,'06','06','11','CAJAMARCA','CUTERVO','SANTA CRUZ','10.00'),
(616,'06','06','12','CAJAMARCA','CUTERVO','SANTO DOMINGO DE LA CAPILLA','10.00'),
(617,'06','06','13','CAJAMARCA','CUTERVO','SANTO TOMAS','10.00'),
(618,'06','06','14','CAJAMARCA','CUTERVO','SOCOTA','10.00'),
(619,'06','06','15','CAJAMARCA','CUTERVO','TORIBIO CASANOVA','10.00'),
(620,'06','07','01','CAJAMARCA','HUALGAYOC','BAMBAMARCA','10.00'),
(621,'06','07','02','CAJAMARCA','HUALGAYOC','CHUGUR','10.00'),
(622,'06','07','03','CAJAMARCA','HUALGAYOC','HUALGAYOC','10.00'),
(623,'06','08','01','CAJAMARCA','JAEN','JAEN','10.00'),
(624,'06','08','02','CAJAMARCA','JAEN','BELLAVISTA','10.00'),
(625,'06','08','03','CAJAMARCA','JAEN','CHONTALI','10.00'),
(626,'06','08','04','CAJAMARCA','JAEN','COLASAY','10.00'),
(627,'06','08','05','CAJAMARCA','JAEN','HUABAL','10.00'),
(628,'06','08','06','CAJAMARCA','JAEN','LAS PIRIAS','10.00'),
(629,'06','08','07','CAJAMARCA','JAEN','POMAHUACA','10.00'),
(630,'06','08','08','CAJAMARCA','JAEN','PUCARA','10.00'),
(631,'06','08','09','CAJAMARCA','JAEN','SALLIQUE','10.00'),
(632,'06','08','10','CAJAMARCA','JAEN','SAN FELIPE','10.00'),
(633,'06','08','11','CAJAMARCA','JAEN','SAN JOSE DEL ALTO','10.00'),
(634,'06','08','12','CAJAMARCA','JAEN','SANTA ROSA','10.00'),
(635,'06','09','01','CAJAMARCA','SAN IGNACIO','SAN IGNACIO','10.00'),
(636,'06','09','02','CAJAMARCA','SAN IGNACIO','CHIRINOS','10.00'),
(637,'06','09','03','CAJAMARCA','SAN IGNACIO','HUARANGO','10.00'),
(638,'06','09','04','CAJAMARCA','SAN IGNACIO','LA COIPA','10.00'),
(639,'06','09','05','CAJAMARCA','SAN IGNACIO','NAMBALLE','10.00'),
(640,'06','09','06','CAJAMARCA','SAN IGNACIO','SAN JOSE DE LOURDES','10.00'),
(641,'06','09','07','CAJAMARCA','SAN IGNACIO','TABACONAS','10.00'),
(642,'06','10','01','CAJAMARCA','SAN MARCOS','PEDRO GALVEZ','10.00'),
(643,'06','10','02','CAJAMARCA','SAN MARCOS','CHANCAY','10.00'),
(644,'06','10','03','CAJAMARCA','SAN MARCOS','EDUARDO VILLANUEVA','10.00'),
(645,'06','10','04','CAJAMARCA','SAN MARCOS','GREGORIO PITA','10.00'),
(646,'06','10','05','CAJAMARCA','SAN MARCOS','ICHOCAN','10.00'),
(647,'06','10','06','CAJAMARCA','SAN MARCOS','JOSE MANUEL QUIROZ','10.00'),
(648,'06','10','07','CAJAMARCA','SAN MARCOS','JOSE SABOGAL','10.00'),
(649,'06','11','01','CAJAMARCA','SAN MIGUEL','SAN MIGUEL','10.00'),
(650,'06','11','02','CAJAMARCA','SAN MIGUEL','BOLIVAR','10.00'),
(651,'06','11','03','CAJAMARCA','SAN MIGUEL','CALQUIS','10.00'),
(652,'06','11','04','CAJAMARCA','SAN MIGUEL','CATILLUC','10.00'),
(653,'06','11','05','CAJAMARCA','SAN MIGUEL','EL PRADO','10.00'),
(654,'06','11','06','CAJAMARCA','SAN MIGUEL','LA FLORIDA','10.00'),
(655,'06','11','07','CAJAMARCA','SAN MIGUEL','LLAPA','10.00'),
(656,'06','11','08','CAJAMARCA','SAN MIGUEL','NANCHOC','10.00'),
(657,'06','11','09','CAJAMARCA','SAN MIGUEL','NIEPOS','10.00'),
(658,'06','11','10','CAJAMARCA','SAN MIGUEL','SAN GREGORIO','10.00'),
(659,'06','11','11','CAJAMARCA','SAN MIGUEL','SAN SILVESTRE DE COCHAN','10.00'),
(660,'06','11','12','CAJAMARCA','SAN MIGUEL','TONGOD','10.00'),
(661,'06','11','13','CAJAMARCA','SAN MIGUEL','UNION AGUA BLANCA','10.00'),
(662,'06','12','01','CAJAMARCA','SAN PABLO','SAN PABLO','10.00'),
(663,'06','12','02','CAJAMARCA','SAN PABLO','SAN BERNARDINO','10.00'),
(664,'06','12','03','CAJAMARCA','SAN PABLO','SAN LUIS','10.00'),
(665,'06','12','04','CAJAMARCA','SAN PABLO','TUMBADEN','10.00'),
(666,'06','13','01','CAJAMARCA','SANTA CRUZ','SANTA CRUZ','10.00'),
(667,'06','13','02','CAJAMARCA','SANTA CRUZ','ANDABAMBA','10.00'),
(668,'06','13','03','CAJAMARCA','SANTA CRUZ','CATACHE','10.00'),
(669,'06','13','04','CAJAMARCA','SANTA CRUZ','CHANCAYBA헲S','10.00'),
(670,'06','13','05','CAJAMARCA','SANTA CRUZ','LA ESPERANZA','10.00'),
(671,'06','13','06','CAJAMARCA','SANTA CRUZ','NINABAMBA','10.00'),
(672,'06','13','07','CAJAMARCA','SANTA CRUZ','PULAN','10.00'),
(673,'06','13','08','CAJAMARCA','SANTA CRUZ','SAUCEPAMPA','10.00'),
(674,'06','13','09','CAJAMARCA','SANTA CRUZ','SEXI','10.00'),
(675,'06','13','10','CAJAMARCA','SANTA CRUZ','UTICYACU','10.00'),
(676,'06','13','11','CAJAMARCA','SANTA CRUZ','YAUYUCAN','10.00'),
(677,'07','01','01','CALLAO','CALLAO','CALLAO','10.00'),
(678,'07','01','02','CALLAO','CALLAO','BELLAVISTA','10.00'),
(679,'07','01','03','CALLAO','CALLAO','CARMEN DE LA LEGUA REYNOSO','10.00'),
(680,'07','01','04','CALLAO','CALLAO','LA PERLA','10.00'),
(681,'07','01','05','CALLAO','CALLAO','LA PUNTA','10.00'),
(682,'07','01','06','CALLAO','CALLAO','VENTANILLA','10.00'),
(683,'08','01','01','CUSCO','CUSCO','CUSCO','10.00'),
(684,'08','01','02','CUSCO','CUSCO','CCORCA','10.00'),
(685,'08','01','03','CUSCO','CUSCO','POROY','10.00'),
(686,'08','01','04','CUSCO','CUSCO','SAN JERONIMO','10.00'),
(687,'08','01','05','CUSCO','CUSCO','SAN SEBASTIAN','10.00'),
(688,'08','01','06','CUSCO','CUSCO','SANTIAGO','10.00'),
(689,'08','01','07','CUSCO','CUSCO','SAYLLA','10.00'),
(690,'08','01','08','CUSCO','CUSCO','WANCHAQ','10.00'),
(691,'08','02','01','CUSCO','ACOMAYO','ACOMAYO','10.00'),
(692,'08','02','02','CUSCO','ACOMAYO','ACOPIA','10.00'),
(693,'08','02','03','CUSCO','ACOMAYO','ACOS','10.00'),
(694,'08','02','04','CUSCO','ACOMAYO','MOSOC LLACTA','10.00'),
(695,'08','02','05','CUSCO','ACOMAYO','POMACANCHI','10.00'),
(696,'08','02','06','CUSCO','ACOMAYO','RONDOCAN','10.00'),
(697,'08','02','07','CUSCO','ACOMAYO','SANGARARA','10.00'),
(698,'08','03','01','CUSCO','ANTA','ANTA','10.00'),
(699,'08','03','02','CUSCO','ANTA','ANCAHUASI','10.00'),
(700,'08','03','03','CUSCO','ANTA','CACHIMAYO','10.00'),
(701,'08','03','04','CUSCO','ANTA','CHINCHAYPUJIO','10.00'),
(702,'08','03','05','CUSCO','ANTA','HUAROCONDO','10.00'),
(703,'08','03','06','CUSCO','ANTA','LIMATAMBO','10.00'),
(704,'08','03','07','CUSCO','ANTA','MOLLEPATA','10.00'),
(705,'08','03','08','CUSCO','ANTA','PUCYURA','10.00'),
(706,'08','03','09','CUSCO','ANTA','ZURITE','10.00'),
(707,'08','04','01','CUSCO','CALCA','CALCA','10.00'),
(708,'08','04','02','CUSCO','CALCA','COYA','10.00'),
(709,'08','04','03','CUSCO','CALCA','LAMAY','10.00'),
(710,'08','04','04','CUSCO','CALCA','LARES','10.00'),
(711,'08','04','05','CUSCO','CALCA','PISAC','10.00'),
(712,'08','04','06','CUSCO','CALCA','SAN SALVADOR','10.00'),
(713,'08','04','07','CUSCO','CALCA','TARAY','10.00'),
(714,'08','04','08','CUSCO','CALCA','YANATILE','10.00'),
(715,'08','05','01','CUSCO','CANAS','YANAOCA','10.00'),
(716,'08','05','02','CUSCO','CANAS','CHECCA','10.00'),
(717,'08','05','03','CUSCO','CANAS','KUNTURKANKI','10.00'),
(718,'08','05','04','CUSCO','CANAS','LANGUI','10.00'),
(719,'08','05','05','CUSCO','CANAS','LAYO','10.00'),
(720,'08','05','06','CUSCO','CANAS','PAMPAMARCA','10.00'),
(721,'08','05','07','CUSCO','CANAS','QUEHUE','10.00'),
(722,'08','05','08','CUSCO','CANAS','TUPAC AMARU','10.00'),
(723,'08','06','01','CUSCO','CANCHIS','SICUANI','10.00'),
(724,'08','06','02','CUSCO','CANCHIS','CHECACUPE','10.00'),
(725,'08','06','03','CUSCO','CANCHIS','COMBAPATA','10.00'),
(726,'08','06','04','CUSCO','CANCHIS','MARANGANI','10.00'),
(727,'08','06','05','CUSCO','CANCHIS','PITUMARCA','10.00'),
(728,'08','06','06','CUSCO','CANCHIS','SAN PABLO','10.00'),
(729,'08','06','07','CUSCO','CANCHIS','SAN PEDRO','10.00'),
(730,'08','06','08','CUSCO','CANCHIS','TINTA','10.00'),
(731,'08','07','01','CUSCO','CHUMBIVILCAS','SANTO TOMAS','10.00'),
(732,'08','07','02','CUSCO','CHUMBIVILCAS','CAPACMARCA','10.00'),
(733,'08','07','03','CUSCO','CHUMBIVILCAS','CHAMACA','10.00'),
(734,'08','07','04','CUSCO','CHUMBIVILCAS','COLQUEMARCA','10.00'),
(735,'08','07','05','CUSCO','CHUMBIVILCAS','LIVITACA','10.00'),
(736,'08','07','06','CUSCO','CHUMBIVILCAS','LLUSCO','10.00'),
(737,'08','07','07','CUSCO','CHUMBIVILCAS','QUI헲TA','10.00'),
(738,'08','07','08','CUSCO','CHUMBIVILCAS','VELILLE','10.00'),
(739,'08','08','01','CUSCO','ESPINAR','ESPINAR','10.00'),
(740,'08','08','02','CUSCO','ESPINAR','CONDOROMA','10.00'),
(741,'08','08','03','CUSCO','ESPINAR','COPORAQUE','10.00'),
(742,'08','08','04','CUSCO','ESPINAR','OCORURO','10.00'),
(743,'08','08','05','CUSCO','ESPINAR','PALLPATA','10.00'),
(744,'08','08','06','CUSCO','ESPINAR','PICHIGUA','10.00'),
(745,'08','08','07','CUSCO','ESPINAR','SUYCKUTAMBO','10.00'),
(746,'08','08','08','CUSCO','ESPINAR','ALTO PICHIGUA','10.00'),
(747,'08','09','01','CUSCO','LA CONVENCION','SANTA ANA','10.00'),
(748,'08','09','02','CUSCO','LA CONVENCION','ECHARATE','10.00'),
(749,'08','09','03','CUSCO','LA CONVENCION','HUAYOPATA','10.00'),
(750,'08','09','04','CUSCO','LA CONVENCION','MARANURA','10.00'),
(751,'08','09','05','CUSCO','LA CONVENCION','OCOBAMBA','10.00'),
(752,'08','09','06','CUSCO','LA CONVENCION','QUELLOUNO','10.00'),
(753,'08','09','07','CUSCO','LA CONVENCION','KIMBIRI','10.00'),
(754,'08','09','08','CUSCO','LA CONVENCION','SANTA TERESA','10.00'),
(755,'08','09','09','CUSCO','LA CONVENCION','VILCABAMBA','10.00'),
(756,'08','09','10','CUSCO','LA CONVENCION','PICHARI','10.00'),
(757,'08','10','01','CUSCO','PARURO','PARURO','10.00'),
(758,'08','10','02','CUSCO','PARURO','ACCHA','10.00'),
(759,'08','10','03','CUSCO','PARURO','CCAPI','10.00'),
(760,'08','10','04','CUSCO','PARURO','COLCHA','10.00'),
(761,'08','10','05','CUSCO','PARURO','HUANOQUITE','10.00'),
(762,'08','10','06','CUSCO','PARURO','OMACHA','10.00'),
(763,'08','10','07','CUSCO','PARURO','PACCARITAMBO','10.00'),
(764,'08','10','08','CUSCO','PARURO','PILLPINTO','10.00'),
(765,'08','10','09','CUSCO','PARURO','YAURISQUE','10.00'),
(766,'08','11','01','CUSCO','PAUCARTAMBO','PAUCARTAMBO','10.00'),
(767,'08','11','02','CUSCO','PAUCARTAMBO','CAICAY','10.00'),
(768,'08','11','03','CUSCO','PAUCARTAMBO','CHALLABAMBA','10.00'),
(769,'08','11','04','CUSCO','PAUCARTAMBO','COLQUEPATA','10.00'),
(770,'08','11','05','CUSCO','PAUCARTAMBO','HUANCARANI','10.00'),
(771,'08','11','06','CUSCO','PAUCARTAMBO','KOS헬PATA','10.00'),
(772,'08','12','01','CUSCO','QUISPICANCHI','URCOS','10.00'),
(773,'08','12','02','CUSCO','QUISPICANCHI','ANDAHUAYLILLAS','10.00'),
(774,'08','12','03','CUSCO','QUISPICANCHI','CAMANTI','10.00'),
(775,'08','12','04','CUSCO','QUISPICANCHI','CCARHUAYO','10.00'),
(776,'08','12','05','CUSCO','QUISPICANCHI','CCATCA','10.00'),
(777,'08','12','06','CUSCO','QUISPICANCHI','CUSIPATA','10.00'),
(778,'08','12','07','CUSCO','QUISPICANCHI','HUARO','10.00'),
(779,'08','12','08','CUSCO','QUISPICANCHI','LUCRE','10.00'),
(780,'08','12','09','CUSCO','QUISPICANCHI','MARCAPATA','10.00'),
(781,'08','12','10','CUSCO','QUISPICANCHI','OCONGATE','10.00'),
(782,'08','12','11','CUSCO','QUISPICANCHI','OROPESA','10.00'),
(783,'08','12','12','CUSCO','QUISPICANCHI','QUIQUIJANA','10.00'),
(784,'08','13','01','CUSCO','URUBAMBA','URUBAMBA','10.00'),
(785,'08','13','02','CUSCO','URUBAMBA','CHINCHERO','10.00'),
(786,'08','13','03','CUSCO','URUBAMBA','HUAYLLABAMBA','10.00'),
(787,'08','13','04','CUSCO','URUBAMBA','MACHUPICCHU','10.00'),
(788,'08','13','05','CUSCO','URUBAMBA','MARAS','10.00'),
(789,'08','13','06','CUSCO','URUBAMBA','OLLANTAYTAMBO','10.00'),
(790,'08','13','07','CUSCO','URUBAMBA','YUCAY','10.00'),
(791,'09','01','01','HUANCAVELICA','HUANCAVELICA','HUANCAVELICA','10.00'),
(792,'09','01','02','HUANCAVELICA','HUANCAVELICA','ACOBAMBILLA','10.00'),
(793,'09','01','03','HUANCAVELICA','HUANCAVELICA','ACORIA','10.00'),
(794,'09','01','04','HUANCAVELICA','HUANCAVELICA','CONAYCA','10.00'),
(795,'09','01','05','HUANCAVELICA','HUANCAVELICA','CUENCA','10.00'),
(796,'09','01','06','HUANCAVELICA','HUANCAVELICA','HUACHOCOLPA','10.00'),
(797,'09','01','07','HUANCAVELICA','HUANCAVELICA','HUAYLLAHUARA','10.00'),
(798,'09','01','08','HUANCAVELICA','HUANCAVELICA','IZCUCHACA','10.00'),
(799,'09','01','09','HUANCAVELICA','HUANCAVELICA','LARIA','10.00'),
(800,'09','01','10','HUANCAVELICA','HUANCAVELICA','MANTA','10.00'),
(801,'09','01','11','HUANCAVELICA','HUANCAVELICA','MARISCAL CACERES','10.00'),
(802,'09','01','12','HUANCAVELICA','HUANCAVELICA','MOYA','10.00'),
(803,'09','01','13','HUANCAVELICA','HUANCAVELICA','NUEVO OCCORO','10.00'),
(804,'09','01','14','HUANCAVELICA','HUANCAVELICA','PALCA','10.00'),
(805,'09','01','15','HUANCAVELICA','HUANCAVELICA','PILCHACA','10.00'),
(806,'09','01','16','HUANCAVELICA','HUANCAVELICA','VILCA','10.00'),
(807,'09','01','17','HUANCAVELICA','HUANCAVELICA','YAULI','10.00'),
(808,'09','01','18','HUANCAVELICA','HUANCAVELICA','ASCENSION','10.00'),
(809,'09','01','19','HUANCAVELICA','HUANCAVELICA','HUANDO','10.00'),
(810,'09','02','01','HUANCAVELICA','ACOBAMBA','ACOBAMBA','10.00'),
(811,'09','02','02','HUANCAVELICA','ACOBAMBA','ANDABAMBA','10.00'),
(812,'09','02','03','HUANCAVELICA','ACOBAMBA','ANTA','10.00'),
(813,'09','02','04','HUANCAVELICA','ACOBAMBA','CAJA','10.00'),
(814,'09','02','05','HUANCAVELICA','ACOBAMBA','MARCAS','10.00'),
(815,'09','02','06','HUANCAVELICA','ACOBAMBA','PAUCARA','10.00'),
(816,'09','02','07','HUANCAVELICA','ACOBAMBA','POMACOCHA','10.00'),
(817,'09','02','08','HUANCAVELICA','ACOBAMBA','ROSARIO','10.00'),
(818,'09','03','01','HUANCAVELICA','ANGARAES','LIRCAY','10.00'),
(819,'09','03','02','HUANCAVELICA','ANGARAES','ANCHONGA','10.00'),
(820,'09','03','03','HUANCAVELICA','ANGARAES','CALLANMARCA','10.00'),
(821,'09','03','04','HUANCAVELICA','ANGARAES','CCOCHACCASA','10.00'),
(822,'09','03','05','HUANCAVELICA','ANGARAES','CHINCHO','10.00'),
(823,'09','03','06','HUANCAVELICA','ANGARAES','CONGALLA','10.00'),
(824,'09','03','07','HUANCAVELICA','ANGARAES','HUANCA-HUANCA','10.00'),
(825,'09','03','08','HUANCAVELICA','ANGARAES','HUAYLLAY GRANDE','10.00'),
(826,'09','03','09','HUANCAVELICA','ANGARAES','JULCAMARCA','10.00'),
(827,'09','03','10','HUANCAVELICA','ANGARAES','SAN ANTONIO DE ANTAPARCO','10.00'),
(828,'09','03','11','HUANCAVELICA','ANGARAES','SANTO TOMAS DE PATA','10.00'),
(829,'09','03','12','HUANCAVELICA','ANGARAES','SECCLLA','10.00'),
(830,'09','04','01','HUANCAVELICA','CASTROVIRREYNA','CASTROVIRREYNA','10.00'),
(831,'09','04','02','HUANCAVELICA','CASTROVIRREYNA','ARMA','10.00'),
(832,'09','04','03','HUANCAVELICA','CASTROVIRREYNA','AURAHUA','10.00'),
(833,'09','04','04','HUANCAVELICA','CASTROVIRREYNA','CAPILLAS','10.00'),
(834,'09','04','05','HUANCAVELICA','CASTROVIRREYNA','CHUPAMARCA','10.00'),
(835,'09','04','06','HUANCAVELICA','CASTROVIRREYNA','COCAS','10.00'),
(836,'09','04','07','HUANCAVELICA','CASTROVIRREYNA','HUACHOS','10.00'),
(837,'09','04','08','HUANCAVELICA','CASTROVIRREYNA','HUAMATAMBO','10.00'),
(838,'09','04','09','HUANCAVELICA','CASTROVIRREYNA','MOLLEPAMPA','10.00'),
(839,'09','04','10','HUANCAVELICA','CASTROVIRREYNA','SAN JUAN','10.00'),
(840,'09','04','11','HUANCAVELICA','CASTROVIRREYNA','SANTA ANA','10.00'),
(841,'09','04','12','HUANCAVELICA','CASTROVIRREYNA','TANTARA','10.00'),
(842,'09','04','13','HUANCAVELICA','CASTROVIRREYNA','TICRAPO','10.00'),
(843,'09','05','01','HUANCAVELICA','CHURCAMPA','CHURCAMPA','10.00'),
(844,'09','05','02','HUANCAVELICA','CHURCAMPA','ANCO','10.00'),
(845,'09','05','03','HUANCAVELICA','CHURCAMPA','CHINCHIHUASI','10.00'),
(846,'09','05','04','HUANCAVELICA','CHURCAMPA','EL CARMEN','10.00'),
(847,'09','05','05','HUANCAVELICA','CHURCAMPA','LA MERCED','10.00'),
(848,'09','05','06','HUANCAVELICA','CHURCAMPA','LOCROJA','10.00'),
(849,'09','05','07','HUANCAVELICA','CHURCAMPA','PAUCARBAMBA','10.00'),
(850,'09','05','08','HUANCAVELICA','CHURCAMPA','SAN MIGUEL DE MAYOCC','10.00'),
(851,'09','05','09','HUANCAVELICA','CHURCAMPA','SAN PEDRO DE CORIS','10.00'),
(852,'09','05','10','HUANCAVELICA','CHURCAMPA','PACHAMARCA','10.00'),
(853,'09','06','01','HUANCAVELICA','HUAYTARA','HUAYTARA','10.00'),
(854,'09','06','02','HUANCAVELICA','HUAYTARA','AYAVI','10.00'),
(855,'09','06','03','HUANCAVELICA','HUAYTARA','CORDOVA','10.00'),
(856,'09','06','04','HUANCAVELICA','HUAYTARA','HUAYACUNDO ARMA','10.00'),
(857,'09','06','05','HUANCAVELICA','HUAYTARA','LARAMARCA','10.00'),
(858,'09','06','06','HUANCAVELICA','HUAYTARA','OCOYO','10.00'),
(859,'09','06','07','HUANCAVELICA','HUAYTARA','PILPICHACA','10.00'),
(860,'09','06','08','HUANCAVELICA','HUAYTARA','QUERCO','10.00'),
(861,'09','06','09','HUANCAVELICA','HUAYTARA','QUITO-ARMA','10.00'),
(862,'09','06','10','HUANCAVELICA','HUAYTARA','SAN ANTONIO DE CUSICANCHA','10.00'),
(863,'09','06','11','HUANCAVELICA','HUAYTARA','SAN FRANCISCO DE SANGAYAICO','10.00'),
(864,'09','06','12','HUANCAVELICA','HUAYTARA','SAN ISIDRO','10.00'),
(865,'09','06','13','HUANCAVELICA','HUAYTARA','SANTIAGO DE CHOCORVOS','10.00'),
(866,'09','06','14','HUANCAVELICA','HUAYTARA','SANTIAGO DE QUIRAHUARA','10.00'),
(867,'09','06','15','HUANCAVELICA','HUAYTARA','SANTO DOMINGO DE CAPILLAS','10.00'),
(868,'09','06','16','HUANCAVELICA','HUAYTARA','TAMBO','10.00'),
(869,'09','07','01','HUANCAVELICA','TAYACAJA','PAMPAS','10.00'),
(870,'09','07','02','HUANCAVELICA','TAYACAJA','ACOSTAMBO','10.00'),
(871,'09','07','03','HUANCAVELICA','TAYACAJA','ACRAQUIA','10.00'),
(872,'09','07','04','HUANCAVELICA','TAYACAJA','AHUAYCHA','10.00'),
(873,'09','07','05','HUANCAVELICA','TAYACAJA','COLCABAMBA','10.00'),
(874,'09','07','06','HUANCAVELICA','TAYACAJA','DANIEL HERNANDEZ','10.00'),
(875,'09','07','07','HUANCAVELICA','TAYACAJA','HUACHOCOLPA','10.00'),
(876,'09','07','09','HUANCAVELICA','TAYACAJA','HUARIBAMBA','10.00'),
(877,'09','07','10','HUANCAVELICA','TAYACAJA','헤HUIMPUQUIO','10.00'),
(878,'09','07','11','HUANCAVELICA','TAYACAJA','PAZOS','10.00'),
(879,'09','07','13','HUANCAVELICA','TAYACAJA','QUISHUAR','10.00'),
(880,'09','07','14','HUANCAVELICA','TAYACAJA','SALCABAMBA','10.00'),
(881,'09','07','15','HUANCAVELICA','TAYACAJA','SALCAHUASI','10.00'),
(882,'09','07','16','HUANCAVELICA','TAYACAJA','SAN MARCOS DE ROCCHAC','10.00'),
(883,'09','07','17','HUANCAVELICA','TAYACAJA','SURCUBAMBA','10.00'),
(884,'09','07','18','HUANCAVELICA','TAYACAJA','TINTAY PUNCU','10.00'),
(885,'10','01','01','HUANUCO','HUANUCO','HUANUCO','10.00'),
(886,'10','01','02','HUANUCO','HUANUCO','AMARILIS','10.00'),
(887,'10','01','03','HUANUCO','HUANUCO','CHINCHAO','10.00'),
(888,'10','01','04','HUANUCO','HUANUCO','CHURUBAMBA','10.00'),
(889,'10','01','05','HUANUCO','HUANUCO','MARGOS','10.00'),
(890,'10','01','06','HUANUCO','HUANUCO','QUISQUI','10.00'),
(891,'10','01','07','HUANUCO','HUANUCO','SAN FRANCISCO DE CAYRAN','10.00'),
(892,'10','01','08','HUANUCO','HUANUCO','SAN PEDRO DE CHAULAN','10.00'),
(893,'10','01','09','HUANUCO','HUANUCO','SANTA MARIA DEL VALLE','10.00'),
(894,'10','01','10','HUANUCO','HUANUCO','YARUMAYO','10.00'),
(895,'10','01','11','HUANUCO','HUANUCO','PILLCO MARCA','10.00'),
(896,'10','02','01','HUANUCO','AMBO','AMBO','10.00'),
(897,'10','02','02','HUANUCO','AMBO','CAYNA','10.00'),
(898,'10','02','03','HUANUCO','AMBO','COLPAS','10.00'),
(899,'10','02','04','HUANUCO','AMBO','CONCHAMARCA','10.00'),
(900,'10','02','05','HUANUCO','AMBO','HUACAR','10.00'),
(901,'10','02','06','HUANUCO','AMBO','SAN FRANCISCO','10.00'),
(902,'10','02','07','HUANUCO','AMBO','SAN RAFAEL','10.00'),
(903,'10','02','08','HUANUCO','AMBO','TOMAY KICHWA','10.00'),
(904,'10','03','01','HUANUCO','DOS DE MAYO','LA UNION','10.00'),
(905,'10','03','07','HUANUCO','DOS DE MAYO','CHUQUIS','10.00'),
(906,'10','03','11','HUANUCO','DOS DE MAYO','MARIAS','10.00'),
(907,'10','03','13','HUANUCO','DOS DE MAYO','PACHAS','10.00'),
(908,'10','03','16','HUANUCO','DOS DE MAYO','QUIVILLA','10.00'),
(909,'10','03','17','HUANUCO','DOS DE MAYO','RIPAN','10.00'),
(910,'10','03','21','HUANUCO','DOS DE MAYO','SHUNQUI','10.00'),
(911,'10','03','22','HUANUCO','DOS DE MAYO','SILLAPATA','10.00'),
(912,'10','03','23','HUANUCO','DOS DE MAYO','YANAS','10.00'),
(913,'10','04','01','HUANUCO','HUACAYBAMBA','HUACAYBAMBA','10.00'),
(914,'10','04','02','HUANUCO','HUACAYBAMBA','CANCHABAMBA','10.00'),
(915,'10','04','03','HUANUCO','HUACAYBAMBA','COCHABAMBA','10.00'),
(916,'10','04','04','HUANUCO','HUACAYBAMBA','PINRA','10.00'),
(917,'10','05','01','HUANUCO','HUAMALIES','LLATA','10.00'),
(918,'10','05','02','HUANUCO','HUAMALIES','ARANCAY','10.00'),
(919,'10','05','03','HUANUCO','HUAMALIES','CHAVIN DE PARIARCA','10.00'),
(920,'10','05','04','HUANUCO','HUAMALIES','JACAS GRANDE','10.00'),
(921,'10','05','05','HUANUCO','HUAMALIES','JIRCAN','10.00'),
(922,'10','05','06','HUANUCO','HUAMALIES','MIRAFLORES','10.00'),
(923,'10','05','07','HUANUCO','HUAMALIES','MONZON','10.00'),
(924,'10','05','08','HUANUCO','HUAMALIES','PUNCHAO','10.00'),
(925,'10','05','09','HUANUCO','HUAMALIES','PU헲S','10.00'),
(926,'10','05','10','HUANUCO','HUAMALIES','SINGA','10.00'),
(927,'10','05','11','HUANUCO','HUAMALIES','TANTAMAYO','10.00'),
(928,'10','06','01','HUANUCO','LEONCIO PRADO','RUPA-RUPA','10.00'),
(929,'10','06','02','HUANUCO','LEONCIO PRADO','DANIEL ALOMIAS ROBLES','10.00'),
(930,'10','06','03','HUANUCO','LEONCIO PRADO','HERMILIO VALDIZAN','10.00'),
(931,'10','06','04','HUANUCO','LEONCIO PRADO','JOSE CRESPO Y CASTILLO','10.00'),
(932,'10','06','05','HUANUCO','LEONCIO PRADO','LUYANDO','10.00'),
(933,'10','06','06','HUANUCO','LEONCIO PRADO','MARIANO DAMASO BERAUN','10.00'),
(934,'10','07','01','HUANUCO','MARA헲N','HUACRACHUCO','10.00'),
(935,'10','07','02','HUANUCO','MARA헲N','CHOLON','10.00'),
(936,'10','07','03','HUANUCO','MARA헲N','SAN BUENAVENTURA','10.00'),
(937,'10','08','01','HUANUCO','PACHITEA','PANAO','10.00'),
(938,'10','08','02','HUANUCO','PACHITEA','CHAGLLA','10.00'),
(939,'10','08','03','HUANUCO','PACHITEA','MOLINO','10.00'),
(940,'10','08','04','HUANUCO','PACHITEA','UMARI','10.00'),
(941,'10','09','01','HUANUCO','PUERTO INCA','PUERTO INCA','10.00'),
(942,'10','09','02','HUANUCO','PUERTO INCA','CODO DEL POZUZO','10.00'),
(943,'10','09','03','HUANUCO','PUERTO INCA','HONORIA','10.00'),
(944,'10','09','04','HUANUCO','PUERTO INCA','TOURNAVISTA','10.00'),
(945,'10','09','05','HUANUCO','PUERTO INCA','YUYAPICHIS','10.00'),
(946,'10','10','01','HUANUCO','LAURICOCHA','JESUS','10.00'),
(947,'10','10','02','HUANUCO','LAURICOCHA','BA헲S','10.00'),
(948,'10','10','03','HUANUCO','LAURICOCHA','JIVIA','10.00'),
(949,'10','10','04','HUANUCO','LAURICOCHA','QUEROPALCA','10.00'),
(950,'10','10','05','HUANUCO','LAURICOCHA','RONDOS','10.00'),
(951,'10','10','06','HUANUCO','LAURICOCHA','SAN FRANCISCO DE ASIS','10.00'),
(952,'10','10','07','HUANUCO','LAURICOCHA','SAN MIGUEL DE CAURI','10.00'),
(953,'10','11','01','HUANUCO','YAROWILCA','CHAVINILLO','10.00'),
(954,'10','11','02','HUANUCO','YAROWILCA','CAHUAC','10.00'),
(955,'10','11','03','HUANUCO','YAROWILCA','CHACABAMBA','10.00'),
(956,'10','11','04','HUANUCO','YAROWILCA','APARICIO POMARES','10.00'),
(957,'10','11','05','HUANUCO','YAROWILCA','JACAS CHICO','10.00'),
(958,'10','11','06','HUANUCO','YAROWILCA','OBAS','10.00'),
(959,'10','11','07','HUANUCO','YAROWILCA','PAMPAMARCA','10.00'),
(960,'10','11','08','HUANUCO','YAROWILCA','CHORAS','10.00'),
(961,'11','01','01','ICA','ICA','ICA','10.00'),
(962,'11','01','02','ICA','ICA','LA TINGUI헤','10.00'),
(963,'11','01','03','ICA','ICA','LOS AQUIJES','10.00'),
(964,'11','01','04','ICA','ICA','OCUCAJE','10.00'),
(965,'11','01','05','ICA','ICA','PACHACUTEC','10.00'),
(966,'11','01','06','ICA','ICA','PARCONA','10.00'),
(967,'11','01','07','ICA','ICA','PUEBLO NUEVO','10.00'),
(968,'11','01','08','ICA','ICA','SALAS','10.00'),
(969,'11','01','09','ICA','ICA','SAN JOSE DE LOS MOLINOS','10.00'),
(970,'11','01','10','ICA','ICA','SAN JUAN BAUTISTA','10.00'),
(971,'11','01','11','ICA','ICA','SANTIAGO','10.00'),
(972,'11','01','12','ICA','ICA','SUBTANJALLA','10.00'),
(973,'11','01','13','ICA','ICA','TATE','10.00'),
(974,'11','01','14','ICA','ICA','YAUCA DEL ROSARIO','10.00'),
(975,'11','02','01','ICA','CHINCHA','CHINCHA ALTA','10.00'),
(976,'11','02','02','ICA','CHINCHA','ALTO LARAN','10.00'),
(977,'11','02','03','ICA','CHINCHA','CHAVIN','10.00'),
(978,'11','02','04','ICA','CHINCHA','CHINCHA BAJA','10.00'),
(979,'11','02','05','ICA','CHINCHA','EL CARMEN','10.00'),
(980,'11','02','06','ICA','CHINCHA','GROCIO PRADO','10.00'),
(981,'11','02','07','ICA','CHINCHA','PUEBLO NUEVO','10.00'),
(982,'11','02','08','ICA','CHINCHA','SAN JUAN DE YANAC','10.00'),
(983,'11','02','09','ICA','CHINCHA','SAN PEDRO DE HUACARPANA','10.00'),
(984,'11','02','10','ICA','CHINCHA','SUNAMPE','10.00'),
(985,'11','02','11','ICA','CHINCHA','TAMBO DE MORA','10.00'),
(986,'11','03','01','ICA','NAZCA','NAZCA','10.00'),
(987,'11','03','02','ICA','NAZCA','CHANGUILLO','10.00'),
(988,'11','03','03','ICA','NAZCA','EL INGENIO','10.00'),
(989,'11','03','04','ICA','NAZCA','MARCONA','10.00'),
(990,'11','03','05','ICA','NAZCA','VISTA ALEGRE','10.00'),
(991,'11','04','01','ICA','PALPA','PALPA','10.00'),
(992,'11','04','02','ICA','PALPA','LLIPATA','10.00'),
(993,'11','04','03','ICA','PALPA','RIO GRANDE','10.00'),
(994,'11','04','04','ICA','PALPA','SANTA CRUZ','10.00'),
(995,'11','04','05','ICA','PALPA','TIBILLO','10.00'),
(996,'11','05','01','ICA','PISCO','PISCO','10.00'),
(997,'11','05','02','ICA','PISCO','HUANCANO','10.00'),
(998,'11','05','03','ICA','PISCO','HUMAY','10.00'),
(999,'11','05','04','ICA','PISCO','INDEPENDENCIA','10.00'),
(1000,'11','05','05','ICA','PISCO','PARACAS','10.00'),
(1001,'11','05','06','ICA','PISCO','SAN ANDRES','10.00'),
(1002,'11','05','07','ICA','PISCO','SAN CLEMENTE','10.00'),
(1003,'11','05','08','ICA','PISCO','TUPAC AMARU INCA','10.00'),
(1004,'12','01','01','JUNIN','HUANCAYO','HUANCAYO','10.00'),
(1005,'12','01','04','JUNIN','HUANCAYO','CARHUACALLANGA','10.00'),
(1006,'12','01','05','JUNIN','HUANCAYO','CHACAPAMPA','10.00'),
(1007,'12','01','06','JUNIN','HUANCAYO','CHICCHE','10.00'),
(1008,'12','01','07','JUNIN','HUANCAYO','CHILCA','10.00'),
(1009,'12','01','08','JUNIN','HUANCAYO','CHONGOS ALTO','10.00'),
(1010,'12','01','11','JUNIN','HUANCAYO','CHUPURO','10.00'),
(1011,'12','01','12','JUNIN','HUANCAYO','COLCA','10.00'),
(1012,'12','01','13','JUNIN','HUANCAYO','CULLHUAS','10.00'),
(1013,'12','01','14','JUNIN','HUANCAYO','EL TAMBO','10.00'),
(1014,'12','01','16','JUNIN','HUANCAYO','HUACRAPUQUIO','10.00'),
(1015,'12','01','17','JUNIN','HUANCAYO','HUALHUAS','10.00'),
(1016,'12','01','19','JUNIN','HUANCAYO','HUANCAN','10.00'),
(1017,'12','01','20','JUNIN','HUANCAYO','HUASICANCHA','10.00'),
(1018,'12','01','21','JUNIN','HUANCAYO','HUAYUCACHI','10.00'),
(1019,'12','01','22','JUNIN','HUANCAYO','INGENIO','10.00'),
(1020,'12','01','24','JUNIN','HUANCAYO','PARIAHUANCA','10.00'),
(1021,'12','01','25','JUNIN','HUANCAYO','PILCOMAYO','10.00'),
(1022,'12','01','26','JUNIN','HUANCAYO','PUCARA','10.00'),
(1023,'12','01','27','JUNIN','HUANCAYO','QUICHUAY','10.00'),
(1024,'12','01','28','JUNIN','HUANCAYO','QUILCAS','10.00'),
(1025,'12','01','29','JUNIN','HUANCAYO','SAN AGUSTIN','10.00'),
(1026,'12','01','30','JUNIN','HUANCAYO','SAN JERONIMO DE TUNAN','10.00'),
(1027,'12','01','32','JUNIN','HUANCAYO','SA헲','10.00'),
(1028,'12','01','33','JUNIN','HUANCAYO','SAPALLANGA','10.00'),
(1029,'12','01','34','JUNIN','HUANCAYO','SICAYA','10.00'),
(1030,'12','01','35','JUNIN','HUANCAYO','SANTO DOMINGO DE ACOBAMBA','10.00'),
(1031,'12','01','36','JUNIN','HUANCAYO','VIQUES','10.00'),
(1032,'12','02','01','JUNIN','CONCEPCION','CONCEPCION','10.00'),
(1033,'12','02','02','JUNIN','CONCEPCION','ACO','10.00'),
(1034,'12','02','03','JUNIN','CONCEPCION','ANDAMARCA','10.00'),
(1035,'12','02','04','JUNIN','CONCEPCION','CHAMBARA','10.00'),
(1036,'12','02','05','JUNIN','CONCEPCION','COCHAS','10.00'),
(1037,'12','02','06','JUNIN','CONCEPCION','COMAS','10.00'),
(1038,'12','02','07','JUNIN','CONCEPCION','HEROINAS TOLEDO','10.00'),
(1039,'12','02','08','JUNIN','CONCEPCION','MANZANARES','10.00'),
(1040,'12','02','09','JUNIN','CONCEPCION','MARISCAL CASTILLA','10.00'),
(1041,'12','02','10','JUNIN','CONCEPCION','MATAHUASI','10.00'),
(1042,'12','02','11','JUNIN','CONCEPCION','MITO','10.00'),
(1043,'12','02','12','JUNIN','CONCEPCION','NUEVE DE JULIO','10.00'),
(1044,'12','02','13','JUNIN','CONCEPCION','ORCOTUNA','10.00'),
(1045,'12','02','14','JUNIN','CONCEPCION','SAN JOSE DE QUERO','10.00'),
(1046,'12','02','15','JUNIN','CONCEPCION','SANTA ROSA DE OCOPA','10.00'),
(1047,'12','03','01','JUNIN','CHANCHAMAYO','CHANCHAMAYO','10.00'),
(1048,'12','03','02','JUNIN','CHANCHAMAYO','PERENE','10.00'),
(1049,'12','03','03','JUNIN','CHANCHAMAYO','PICHANAQUI','10.00'),
(1050,'12','03','04','JUNIN','CHANCHAMAYO','SAN LUIS DE SHUARO','10.00'),
(1051,'12','03','05','JUNIN','CHANCHAMAYO','SAN RAMON','10.00'),
(1052,'12','03','06','JUNIN','CHANCHAMAYO','VITOC','10.00'),
(1053,'12','04','01','JUNIN','JAUJA','JAUJA','10.00'),
(1054,'12','04','02','JUNIN','JAUJA','ACOLLA','10.00'),
(1055,'12','04','03','JUNIN','JAUJA','APATA','10.00'),
(1056,'12','04','04','JUNIN','JAUJA','ATAURA','10.00'),
(1057,'12','04','05','JUNIN','JAUJA','CANCHAYLLO','10.00'),
(1058,'12','04','06','JUNIN','JAUJA','CURICACA','10.00'),
(1059,'12','04','07','JUNIN','JAUJA','EL MANTARO','10.00'),
(1060,'12','04','08','JUNIN','JAUJA','HUAMALI','10.00'),
(1061,'12','04','09','JUNIN','JAUJA','HUARIPAMPA','10.00'),
(1062,'12','04','10','JUNIN','JAUJA','HUERTAS','10.00'),
(1063,'12','04','11','JUNIN','JAUJA','JANJAILLO','10.00'),
(1064,'12','04','12','JUNIN','JAUJA','JULCAN','10.00'),
(1065,'12','04','13','JUNIN','JAUJA','LEONOR ORDO헨Z','10.00'),
(1066,'12','04','14','JUNIN','JAUJA','LLOCLLAPAMPA','10.00'),
(1067,'12','04','15','JUNIN','JAUJA','MARCO','10.00'),
(1068,'12','04','16','JUNIN','JAUJA','MASMA','10.00'),
(1069,'12','04','17','JUNIN','JAUJA','MASMA CHICCHE','10.00'),
(1070,'12','04','18','JUNIN','JAUJA','MOLINOS','10.00'),
(1071,'12','04','19','JUNIN','JAUJA','MONOBAMBA','10.00'),
(1072,'12','04','20','JUNIN','JAUJA','MUQUI','10.00'),
(1073,'12','04','21','JUNIN','JAUJA','MUQUIYAUYO','10.00'),
(1074,'12','04','22','JUNIN','JAUJA','PACA','10.00'),
(1075,'12','04','23','JUNIN','JAUJA','PACCHA','10.00'),
(1076,'12','04','24','JUNIN','JAUJA','PANCAN','10.00'),
(1077,'12','04','25','JUNIN','JAUJA','PARCO','10.00'),
(1078,'12','04','26','JUNIN','JAUJA','POMACANCHA','10.00'),
(1079,'12','04','27','JUNIN','JAUJA','RICRAN','10.00'),
(1080,'12','04','28','JUNIN','JAUJA','SAN LORENZO','10.00'),
(1081,'12','04','29','JUNIN','JAUJA','SAN PEDRO DE CHUNAN','10.00'),
(1082,'12','04','30','JUNIN','JAUJA','SAUSA','10.00'),
(1083,'12','04','31','JUNIN','JAUJA','SINCOS','10.00'),
(1084,'12','04','32','JUNIN','JAUJA','TUNAN MARCA','10.00'),
(1085,'12','04','33','JUNIN','JAUJA','YAULI','10.00'),
(1086,'12','04','34','JUNIN','JAUJA','YAUYOS','10.00'),
(1087,'12','05','01','JUNIN','JUNIN','JUNIN','10.00'),
(1088,'12','05','02','JUNIN','JUNIN','CARHUAMAYO','10.00'),
(1089,'12','05','03','JUNIN','JUNIN','ONDORES','10.00'),
(1090,'12','05','04','JUNIN','JUNIN','ULCUMAYO','10.00'),
(1091,'12','06','01','JUNIN','SATIPO','SATIPO','10.00'),
(1092,'12','06','02','JUNIN','SATIPO','COVIRIALI','10.00'),
(1093,'12','06','03','JUNIN','SATIPO','LLAYLLA','10.00'),
(1094,'12','06','04','JUNIN','SATIPO','MAZAMARI','10.00'),
(1095,'12','06','05','JUNIN','SATIPO','PAMPA HERMOSA','10.00'),
(1096,'12','06','06','JUNIN','SATIPO','PANGOA','10.00'),
(1097,'12','06','07','JUNIN','SATIPO','RIO NEGRO','10.00'),
(1098,'12','06','08','JUNIN','SATIPO','RIO TAMBO','10.00'),
(1099,'12','07','01','JUNIN','TARMA','TARMA','10.00'),
(1100,'12','07','02','JUNIN','TARMA','ACOBAMBA','10.00'),
(1101,'12','07','03','JUNIN','TARMA','HUARICOLCA','10.00'),
(1102,'12','07','04','JUNIN','TARMA','HUASAHUASI','10.00'),
(1103,'12','07','05','JUNIN','TARMA','LA UNION','10.00'),
(1104,'12','07','06','JUNIN','TARMA','PALCA','10.00'),
(1105,'12','07','07','JUNIN','TARMA','PALCAMAYO','10.00'),
(1106,'12','07','08','JUNIN','TARMA','SAN PEDRO DE CAJAS','10.00'),
(1107,'12','07','09','JUNIN','TARMA','TAPO','10.00'),
(1108,'12','08','01','JUNIN','YAULI','LA OROYA','10.00'),
(1109,'12','08','02','JUNIN','YAULI','CHACAPALPA','10.00'),
(1110,'12','08','03','JUNIN','YAULI','HUAY-HUAY','10.00'),
(1111,'12','08','04','JUNIN','YAULI','MARCAPOMACOCHA','10.00'),
(1112,'12','08','05','JUNIN','YAULI','MOROCOCHA','10.00'),
(1113,'12','08','06','JUNIN','YAULI','PACCHA','10.00'),
(1114,'12','08','07','JUNIN','YAULI','SANTA BARBARA DE CARHUACAYAN','10.00'),
(1115,'12','08','08','JUNIN','YAULI','SANTA ROSA DE SACCO','10.00'),
(1116,'12','08','09','JUNIN','YAULI','SUITUCANCHA','10.00'),
(1117,'12','08','10','JUNIN','YAULI','YAULI','10.00'),
(1118,'12','09','01','JUNIN','CHUPACA','CHUPACA','10.00'),
(1119,'12','09','02','JUNIN','CHUPACA','AHUAC','10.00'),
(1120,'12','09','03','JUNIN','CHUPACA','CHONGOS BAJO','10.00'),
(1121,'12','09','04','JUNIN','CHUPACA','HUACHAC','10.00'),
(1122,'12','09','05','JUNIN','CHUPACA','HUAMANCACA CHICO','10.00'),
(1123,'12','09','06','JUNIN','CHUPACA','SAN JUAN DE YSCOS','10.00'),
(1124,'12','09','07','JUNIN','CHUPACA','SAN JUAN DE JARPA','10.00'),
(1125,'12','09','08','JUNIN','CHUPACA','TRES DE DICIEMBRE','10.00'),
(1126,'12','09','09','JUNIN','CHUPACA','YANACANCHA','10.00'),
(1127,'13','01','01','LA LIBERTAD','TRUJILLO','TRUJILLO','10.00'),
(1128,'13','01','02','LA LIBERTAD','TRUJILLO','EL PORVENIR','10.00'),
(1129,'13','01','03','LA LIBERTAD','TRUJILLO','FLORENCIA DE MORA','10.00'),
(1130,'13','01','04','LA LIBERTAD','TRUJILLO','HUANCHACO','10.00'),
(1131,'13','01','05','LA LIBERTAD','TRUJILLO','LA ESPERANZA','10.00'),
(1132,'13','01','06','LA LIBERTAD','TRUJILLO','LAREDO','10.00'),
(1133,'13','01','07','LA LIBERTAD','TRUJILLO','MOCHE','10.00'),
(1134,'13','01','08','LA LIBERTAD','TRUJILLO','POROTO','10.00'),
(1135,'13','01','09','LA LIBERTAD','TRUJILLO','SALAVERRY','10.00'),
(1136,'13','01','10','LA LIBERTAD','TRUJILLO','SIMBAL','10.00'),
(1137,'13','01','11','LA LIBERTAD','TRUJILLO','VICTOR LARCO HERRERA','10.00'),
(1138,'13','02','01','LA LIBERTAD','ASCOPE','ASCOPE','10.00'),
(1139,'13','02','02','LA LIBERTAD','ASCOPE','CHICAMA','10.00'),
(1140,'13','02','03','LA LIBERTAD','ASCOPE','CHOCOPE','10.00'),
(1141,'13','02','04','LA LIBERTAD','ASCOPE','MAGDALENA DE CAO','10.00'),
(1142,'13','02','05','LA LIBERTAD','ASCOPE','PAIJAN','10.00'),
(1143,'13','02','06','LA LIBERTAD','ASCOPE','RAZURI','10.00'),
(1144,'13','02','07','LA LIBERTAD','ASCOPE','SANTIAGO DE CAO','10.00'),
(1145,'13','02','08','LA LIBERTAD','ASCOPE','CASA GRANDE','10.00'),
(1146,'13','03','01','LA LIBERTAD','BOLIVAR','BOLIVAR','10.00'),
(1147,'13','03','02','LA LIBERTAD','BOLIVAR','BAMBAMARCA','10.00'),
(1148,'13','03','03','LA LIBERTAD','BOLIVAR','CONDORMARCA','10.00'),
(1149,'13','03','04','LA LIBERTAD','BOLIVAR','LONGOTEA','10.00'),
(1150,'13','03','05','LA LIBERTAD','BOLIVAR','UCHUMARCA','10.00'),
(1151,'13','03','06','LA LIBERTAD','BOLIVAR','UCUNCHA','10.00'),
(1152,'13','04','01','LA LIBERTAD','CHEPEN','CHEPEN','10.00'),
(1153,'13','04','02','LA LIBERTAD','CHEPEN','PACANGA','10.00'),
(1154,'13','04','03','LA LIBERTAD','CHEPEN','PUEBLO NUEVO','10.00'),
(1155,'13','05','01','LA LIBERTAD','JULCAN','JULCAN','10.00'),
(1156,'13','05','02','LA LIBERTAD','JULCAN','CALAMARCA','10.00'),
(1157,'13','05','03','LA LIBERTAD','JULCAN','CARABAMBA','10.00'),
(1158,'13','05','04','LA LIBERTAD','JULCAN','HUASO','10.00'),
(1159,'13','06','01','LA LIBERTAD','OTUZCO','OTUZCO','10.00'),
(1160,'13','06','02','LA LIBERTAD','OTUZCO','AGALLPAMPA','10.00'),
(1161,'13','06','04','LA LIBERTAD','OTUZCO','CHARAT','10.00'),
(1162,'13','06','05','LA LIBERTAD','OTUZCO','HUARANCHAL','10.00'),
(1163,'13','06','06','LA LIBERTAD','OTUZCO','LA CUESTA','10.00'),
(1164,'13','06','08','LA LIBERTAD','OTUZCO','MACHE','10.00'),
(1165,'13','06','10','LA LIBERTAD','OTUZCO','PARANDAY','10.00'),
(1166,'13','06','11','LA LIBERTAD','OTUZCO','SALPO','10.00'),
(1167,'13','06','13','LA LIBERTAD','OTUZCO','SINSICAP','10.00'),
(1168,'13','06','14','LA LIBERTAD','OTUZCO','USQUIL','10.00'),
(1169,'13','07','01','LA LIBERTAD','PACASMAYO','SAN PEDRO DE LLOC','10.00'),
(1170,'13','07','02','LA LIBERTAD','PACASMAYO','GUADALUPE','10.00'),
(1171,'13','07','03','LA LIBERTAD','PACASMAYO','JEQUETEPEQUE','10.00'),
(1172,'13','07','04','LA LIBERTAD','PACASMAYO','PACASMAYO','10.00'),
(1173,'13','07','05','LA LIBERTAD','PACASMAYO','SAN JOSE','10.00'),
(1174,'13','08','01','LA LIBERTAD','PATAZ','TAYABAMBA','10.00'),
(1175,'13','08','02','LA LIBERTAD','PATAZ','BULDIBUYO','10.00'),
(1176,'13','08','03','LA LIBERTAD','PATAZ','CHILLIA','10.00'),
(1177,'13','08','04','LA LIBERTAD','PATAZ','HUANCASPATA','10.00'),
(1178,'13','08','05','LA LIBERTAD','PATAZ','HUAYLILLAS','10.00'),
(1179,'13','08','06','LA LIBERTAD','PATAZ','HUAYO','10.00'),
(1180,'13','08','07','LA LIBERTAD','PATAZ','ONGON','10.00'),
(1181,'13','08','08','LA LIBERTAD','PATAZ','PARCOY','10.00'),
(1182,'13','08','09','LA LIBERTAD','PATAZ','PATAZ','10.00'),
(1183,'13','08','10','LA LIBERTAD','PATAZ','PIAS','10.00'),
(1184,'13','08','11','LA LIBERTAD','PATAZ','SANTIAGO DE CHALLAS','10.00'),
(1185,'13','08','12','LA LIBERTAD','PATAZ','TAURIJA','10.00'),
(1186,'13','08','13','LA LIBERTAD','PATAZ','URPAY','10.00'),
(1187,'13','09','01','LA LIBERTAD','SANCHEZ CARRION','HUAMACHUCO','10.00'),
(1188,'13','09','02','LA LIBERTAD','SANCHEZ CARRION','CHUGAY','10.00'),
(1189,'13','09','03','LA LIBERTAD','SANCHEZ CARRION','COCHORCO','10.00'),
(1190,'13','09','04','LA LIBERTAD','SANCHEZ CARRION','CURGOS','10.00'),
(1191,'13','09','05','LA LIBERTAD','SANCHEZ CARRION','MARCABAL','10.00'),
(1192,'13','09','06','LA LIBERTAD','SANCHEZ CARRION','SANAGORAN','10.00'),
(1193,'13','09','07','LA LIBERTAD','SANCHEZ CARRION','SARIN','10.00'),
(1194,'13','09','08','LA LIBERTAD','SANCHEZ CARRION','SARTIMBAMBA','10.00'),
(1195,'13','10','01','LA LIBERTAD','SANTIAGO DE CHUCO','SANTIAGO DE CHUCO','10.00'),
(1196,'13','10','02','LA LIBERTAD','SANTIAGO DE CHUCO','ANGASMARCA','10.00'),
(1197,'13','10','03','LA LIBERTAD','SANTIAGO DE CHUCO','CACHICADAN','10.00'),
(1198,'13','10','04','LA LIBERTAD','SANTIAGO DE CHUCO','MOLLEBAMBA','10.00'),
(1199,'13','10','05','LA LIBERTAD','SANTIAGO DE CHUCO','MOLLEPATA','10.00'),
(1200,'13','10','06','LA LIBERTAD','SANTIAGO DE CHUCO','QUIRUVILCA','10.00'),
(1201,'13','10','07','LA LIBERTAD','SANTIAGO DE CHUCO','SANTA CRUZ DE CHUCA','10.00'),
(1202,'13','10','08','LA LIBERTAD','SANTIAGO DE CHUCO','SITABAMBA','10.00'),
(1203,'13','11','01','LA LIBERTAD','GRAN CHIMU','CASCAS','10.00'),
(1204,'13','11','02','LA LIBERTAD','GRAN CHIMU','LUCMA','10.00'),
(1205,'13','11','03','LA LIBERTAD','GRAN CHIMU','COMPIN','10.00'),
(1206,'13','11','04','LA LIBERTAD','GRAN CHIMU','SAYAPULLO','10.00'),
(1207,'13','12','01','LA LIBERTAD','VIRU','VIRU','10.00'),
(1208,'13','12','02','LA LIBERTAD','VIRU','CHAO','10.00'),
(1209,'13','12','03','LA LIBERTAD','VIRU','GUADALUPITO','10.00'),
(1210,'14','01','01','LAMBAYEQUE','CHICLAYO','CHICLAYO','10.00'),
(1211,'14','01','02','LAMBAYEQUE','CHICLAYO','CHONGOYAPE','10.00'),
(1212,'14','01','03','LAMBAYEQUE','CHICLAYO','ETEN','10.00'),
(1213,'14','01','04','LAMBAYEQUE','CHICLAYO','ETEN PUERTO','10.00'),
(1214,'14','01','05','LAMBAYEQUE','CHICLAYO','JOSE LEONARDO ORTIZ','10.00'),
(1215,'14','01','06','LAMBAYEQUE','CHICLAYO','LA VICTORIA','10.00'),
(1216,'14','01','07','LAMBAYEQUE','CHICLAYO','LAGUNAS','10.00'),
(1217,'14','01','08','LAMBAYEQUE','CHICLAYO','MONSEFU','10.00'),
(1218,'14','01','09','LAMBAYEQUE','CHICLAYO','NUEVA ARICA','10.00'),
(1219,'14','01','10','LAMBAYEQUE','CHICLAYO','OYOTUN','10.00'),
(1220,'14','01','11','LAMBAYEQUE','CHICLAYO','PICSI','10.00'),
(1221,'14','01','12','LAMBAYEQUE','CHICLAYO','PIMENTEL','10.00'),
(1222,'14','01','13','LAMBAYEQUE','CHICLAYO','REQUE','10.00'),
(1223,'14','01','14','LAMBAYEQUE','CHICLAYO','SANTA ROSA','10.00'),
(1224,'14','01','15','LAMBAYEQUE','CHICLAYO','SA헤','10.00'),
(1225,'14','01','16','LAMBAYEQUE','CHICLAYO','CAYALTI','10.00'),
(1226,'14','01','17','LAMBAYEQUE','CHICLAYO','PATAPO','10.00'),
(1227,'14','01','18','LAMBAYEQUE','CHICLAYO','POMALCA','10.00'),
(1228,'14','01','19','LAMBAYEQUE','CHICLAYO','PUCALA','10.00'),
(1229,'14','01','20','LAMBAYEQUE','CHICLAYO','TUMAN','10.00'),
(1230,'14','02','01','LAMBAYEQUE','FERRE헤FE','FERRE헤FE','10.00'),
(1231,'14','02','02','LAMBAYEQUE','FERRE헤FE','CA헤RIS','10.00'),
(1232,'14','02','03','LAMBAYEQUE','FERRE헤FE','INCAHUASI','10.00'),
(1233,'14','02','04','LAMBAYEQUE','FERRE헤FE','MANUEL ANTONIO MESONES MURO','10.00'),
(1234,'14','02','05','LAMBAYEQUE','FERRE헤FE','PITIPO','10.00'),
(1235,'14','02','06','LAMBAYEQUE','FERRE헤FE','PUEBLO NUEVO','10.00'),
(1236,'14','03','01','LAMBAYEQUE','LAMBAYEQUE','LAMBAYEQUE','10.00'),
(1237,'14','03','02','LAMBAYEQUE','LAMBAYEQUE','CHOCHOPE','10.00'),
(1238,'14','03','03','LAMBAYEQUE','LAMBAYEQUE','ILLIMO','10.00'),
(1239,'14','03','04','LAMBAYEQUE','LAMBAYEQUE','JAYANCA','10.00'),
(1240,'14','03','05','LAMBAYEQUE','LAMBAYEQUE','MOCHUMI','10.00'),
(1241,'14','03','06','LAMBAYEQUE','LAMBAYEQUE','MORROPE','10.00'),
(1242,'14','03','07','LAMBAYEQUE','LAMBAYEQUE','MOTUPE','10.00'),
(1243,'14','03','08','LAMBAYEQUE','LAMBAYEQUE','OLMOS','10.00'),
(1244,'14','03','09','LAMBAYEQUE','LAMBAYEQUE','PACORA','10.00'),
(1245,'14','03','10','LAMBAYEQUE','LAMBAYEQUE','SALAS','10.00'),
(1246,'14','03','11','LAMBAYEQUE','LAMBAYEQUE','SAN JOSE','10.00'),
(1247,'14','03','12','LAMBAYEQUE','LAMBAYEQUE','TUCUME','10.00'),
(1248,'15','01','01','LIMA','LIMA','LIMA','10.00'),
(1249,'15','01','02','LIMA','LIMA','ANCON','10.00'),
(1250,'15','01','03','LIMA','LIMA','ATE','10.00'),
(1251,'15','01','04','LIMA','LIMA','BARRANCO','10.00'),
(1252,'15','01','05','LIMA','LIMA','BRE헤','10.00'),
(1253,'15','01','06','LIMA','LIMA','CARABAYLLO','10.00'),
(1254,'15','01','07','LIMA','LIMA','CHACLACAYO','10.00'),
(1255,'15','01','08','LIMA','LIMA','CHORRILLOS','10.00'),
(1256,'15','01','09','LIMA','LIMA','CIENEGUILLA','10.00'),
(1257,'15','01','10','LIMA','LIMA','COMAS','10.00'),
(1258,'15','01','11','LIMA','LIMA','EL AGUSTINO','10.00'),
(1259,'15','01','12','LIMA','LIMA','INDEPENDENCIA','10.00'),
(1260,'15','01','13','LIMA','LIMA','JESUS MARIA','10.00'),
(1261,'15','01','14','LIMA','LIMA','LA MOLINA','10.00'),
(1262,'15','01','15','LIMA','LIMA','LA VICTORIA','10.00'),
(1263,'15','01','16','LIMA','LIMA','LINCE','10.00'),
(1264,'15','01','17','LIMA','LIMA','LOS OLIVOS','10.00'),
(1265,'15','01','18','LIMA','LIMA','LURIGANCHO','10.00'),
(1266,'15','01','19','LIMA','LIMA','LURIN','10.00'),
(1267,'15','01','20','LIMA','LIMA','MAGDALENA DEL MAR','10.00'),
(1268,'15','01','21','LIMA','LIMA','MAGDALENA VIEJA','10.00'),
(1269,'15','01','22','LIMA','LIMA','MIRAFLORES','10.00'),
(1270,'15','01','23','LIMA','LIMA','PACHACAMAC','10.00'),
(1271,'15','01','24','LIMA','LIMA','PUCUSANA','10.00'),
(1272,'15','01','25','LIMA','LIMA','PUENTE PIEDRA','10.00'),
(1273,'15','01','26','LIMA','LIMA','PUNTA HERMOSA','10.00'),
(1274,'15','01','27','LIMA','LIMA','PUNTA NEGRA','10.00'),
(1275,'15','01','28','LIMA','LIMA','RIMAC','10.00'),
(1276,'15','01','29','LIMA','LIMA','SAN BARTOLO','10.00'),
(1277,'15','01','30','LIMA','LIMA','SAN BORJA','10.00'),
(1278,'15','01','31','LIMA','LIMA','SAN ISIDRO','10.00'),
(1279,'15','01','32','LIMA','LIMA','SAN JUAN DE LURIGANCHO','10.00'),
(1280,'15','01','33','LIMA','LIMA','SAN JUAN DE MIRAFLORES','10.00'),
(1281,'15','01','34','LIMA','LIMA','SAN LUIS','10.00'),
(1282,'15','01','35','LIMA','LIMA','SAN MARTIN DE PORRES','10.00'),
(1283,'15','01','36','LIMA','LIMA','SAN MIGUEL','10.00'),
(1284,'15','01','37','LIMA','LIMA','SANTA ANITA','10.00'),
(1285,'15','01','38','LIMA','LIMA','SANTA MARIA DEL MAR','10.00'),
(1286,'15','01','39','LIMA','LIMA','SANTA ROSA','10.00'),
(1287,'15','01','40','LIMA','LIMA','SANTIAGO DE SURCO','10.00'),
(1288,'15','01','41','LIMA','LIMA','SURQUILLO','10.00'),
(1289,'15','01','42','LIMA','LIMA','VILLA EL SALVADOR','10.00'),
(1290,'15','01','43','LIMA','LIMA','VILLA MARIA DEL TRIUNFO','10.00'),
(1291,'15','02','01','LIMA','BARRANCA','BARRANCA','10.00'),
(1292,'15','02','02','LIMA','BARRANCA','PARAMONGA','10.00'),
(1293,'15','02','03','LIMA','BARRANCA','PATIVILCA','10.00'),
(1294,'15','02','04','LIMA','BARRANCA','SUPE','10.00'),
(1295,'15','02','05','LIMA','BARRANCA','SUPE PUERTO','10.00'),
(1296,'15','03','01','LIMA','CAJATAMBO','CAJATAMBO','10.00'),
(1297,'15','03','02','LIMA','CAJATAMBO','COPA','10.00'),
(1298,'15','03','03','LIMA','CAJATAMBO','GORGOR','10.00'),
(1299,'15','03','04','LIMA','CAJATAMBO','HUANCAPON','10.00'),
(1300,'15','03','05','LIMA','CAJATAMBO','MANAS','10.00'),
(1301,'15','04','01','LIMA','CANTA','CANTA','10.00'),
(1302,'15','04','02','LIMA','CANTA','ARAHUAY','10.00'),
(1303,'15','04','03','LIMA','CANTA','HUAMANTANGA','10.00'),
(1304,'15','04','04','LIMA','CANTA','HUAROS','10.00'),
(1305,'15','04','05','LIMA','CANTA','LACHAQUI','10.00'),
(1306,'15','04','06','LIMA','CANTA','SAN BUENAVENTURA','10.00');
insert into `tb_ubigeo` values 
(1307,'15','04','07','LIMA','CANTA','SANTA ROSA DE QUIVES','10.00'),
(1308,'15','05','01','LIMA','CA헨TE','SAN VICENTE DE CA헨TE','10.00'),
(1309,'15','05','02','LIMA','CA헨TE','ASIA','10.00'),
(1310,'15','05','03','LIMA','CA헨TE','CALANGO','10.00'),
(1311,'15','05','04','LIMA','CA헨TE','CERRO AZUL','10.00'),
(1312,'15','05','05','LIMA','CA헨TE','CHILCA','10.00'),
(1313,'15','05','06','LIMA','CA헨TE','COAYLLO','10.00'),
(1314,'15','05','07','LIMA','CA헨TE','IMPERIAL','10.00'),
(1315,'15','05','08','LIMA','CA헨TE','LUNAHUANA','10.00'),
(1316,'15','05','09','LIMA','CA헨TE','MALA','10.00'),
(1317,'15','05','10','LIMA','CA헨TE','NUEVO IMPERIAL','10.00'),
(1318,'15','05','11','LIMA','CA헨TE','PACARAN','10.00'),
(1319,'15','05','12','LIMA','CA헨TE','QUILMANA','10.00'),
(1320,'15','05','13','LIMA','CA헨TE','SAN ANTONIO','10.00'),
(1321,'15','05','14','LIMA','CA헨TE','SAN LUIS','10.00'),
(1322,'15','05','15','LIMA','CA헨TE','SANTA CRUZ DE FLORES','10.00'),
(1323,'15','05','16','LIMA','CA헨TE','ZU헬GA','10.00'),
(1324,'15','06','01','LIMA','HUARAL','HUARAL','10.00'),
(1325,'15','06','02','LIMA','HUARAL','ATAVILLOS ALTO','10.00'),
(1326,'15','06','03','LIMA','HUARAL','ATAVILLOS BAJO','10.00'),
(1327,'15','06','04','LIMA','HUARAL','AUCALLAMA','10.00'),
(1328,'15','06','05','LIMA','HUARAL','CHANCAY','10.00'),
(1329,'15','06','06','LIMA','HUARAL','IHUARI','10.00'),
(1330,'15','06','07','LIMA','HUARAL','LAMPIAN','10.00'),
(1331,'15','06','08','LIMA','HUARAL','PACARAOS','10.00'),
(1332,'15','06','09','LIMA','HUARAL','SAN MIGUEL DE ACOS','10.00'),
(1333,'15','06','10','LIMA','HUARAL','SANTA CRUZ DE ANDAMARCA','10.00'),
(1334,'15','06','11','LIMA','HUARAL','SUMBILCA','10.00'),
(1335,'15','06','12','LIMA','HUARAL','VEINTISIETE DE NOVIEMBRE','10.00'),
(1336,'15','07','01','LIMA','HUAROCHIRI','MATUCANA','10.00'),
(1337,'15','07','02','LIMA','HUAROCHIRI','ANTIOQUIA','10.00'),
(1338,'15','07','03','LIMA','HUAROCHIRI','CALLAHUANCA','10.00'),
(1339,'15','07','04','LIMA','HUAROCHIRI','CARAMPOMA','10.00'),
(1340,'15','07','05','LIMA','HUAROCHIRI','CHICLA','10.00'),
(1341,'15','07','06','LIMA','HUAROCHIRI','CUENCA','10.00'),
(1342,'15','07','07','LIMA','HUAROCHIRI','HUACHUPAMPA','10.00'),
(1343,'15','07','08','LIMA','HUAROCHIRI','HUANZA','10.00'),
(1344,'15','07','09','LIMA','HUAROCHIRI','HUAROCHIRI','10.00'),
(1345,'15','07','10','LIMA','HUAROCHIRI','LAHUAYTAMBO','10.00'),
(1346,'15','07','11','LIMA','HUAROCHIRI','LANGA','10.00'),
(1347,'15','07','12','LIMA','HUAROCHIRI','LARAOS','10.00'),
(1348,'15','07','13','LIMA','HUAROCHIRI','MARIATANA','10.00'),
(1349,'15','07','14','LIMA','HUAROCHIRI','RICARDO PALMA','10.00'),
(1350,'15','07','15','LIMA','HUAROCHIRI','SAN ANDRES DE TUPICOCHA','10.00'),
(1351,'15','07','16','LIMA','HUAROCHIRI','SAN ANTONIO','10.00'),
(1352,'15','07','17','LIMA','HUAROCHIRI','SAN BARTOLOME','10.00'),
(1353,'15','07','18','LIMA','HUAROCHIRI','SAN DAMIAN','10.00'),
(1354,'15','07','19','LIMA','HUAROCHIRI','SAN JUAN DE IRIS','10.00'),
(1355,'15','07','20','LIMA','HUAROCHIRI','SAN JUAN DE TANTARANCHE','10.00'),
(1356,'15','07','21','LIMA','HUAROCHIRI','SAN LORENZO DE QUINTI','10.00'),
(1357,'15','07','22','LIMA','HUAROCHIRI','SAN MATEO','10.00'),
(1358,'15','07','23','LIMA','HUAROCHIRI','SAN MATEO DE OTAO','10.00'),
(1359,'15','07','24','LIMA','HUAROCHIRI','SAN PEDRO DE CASTA','10.00'),
(1360,'15','07','25','LIMA','HUAROCHIRI','SAN PEDRO DE HUANCAYRE','10.00'),
(1361,'15','07','26','LIMA','HUAROCHIRI','SANGALLAYA','10.00'),
(1362,'15','07','27','LIMA','HUAROCHIRI','SANTA CRUZ DE COCACHACRA','10.00'),
(1363,'15','07','28','LIMA','HUAROCHIRI','SANTA EULALIA','10.00'),
(1364,'15','07','29','LIMA','HUAROCHIRI','SANTIAGO DE ANCHUCAYA','10.00'),
(1365,'15','07','30','LIMA','HUAROCHIRI','SANTIAGO DE TUNA','10.00'),
(1366,'15','07','31','LIMA','HUAROCHIRI','SANTO DOMINGO DE LOS OLLEROS','10.00'),
(1367,'15','07','32','LIMA','HUAROCHIRI','SURCO','10.00'),
(1368,'15','08','01','LIMA','HUAURA','HUACHO','10.00'),
(1369,'15','08','02','LIMA','HUAURA','AMBAR','10.00'),
(1370,'15','08','03','LIMA','HUAURA','CALETA DE CARQUIN','10.00'),
(1371,'15','08','04','LIMA','HUAURA','CHECRAS','10.00'),
(1372,'15','08','05','LIMA','HUAURA','HUALMAY','10.00'),
(1373,'15','08','06','LIMA','HUAURA','HUAURA','10.00'),
(1374,'15','08','07','LIMA','HUAURA','LEONCIO PRADO','10.00'),
(1375,'15','08','08','LIMA','HUAURA','PACCHO','10.00'),
(1376,'15','08','09','LIMA','HUAURA','SANTA LEONOR','10.00'),
(1377,'15','08','10','LIMA','HUAURA','SANTA MARIA','10.00'),
(1378,'15','08','11','LIMA','HUAURA','SAYAN','10.00'),
(1379,'15','08','12','LIMA','HUAURA','VEGUETA','10.00'),
(1380,'15','09','01','LIMA','OYON','OYON','10.00'),
(1381,'15','09','02','LIMA','OYON','ANDAJES','10.00'),
(1382,'15','09','03','LIMA','OYON','CAUJUL','10.00'),
(1383,'15','09','04','LIMA','OYON','COCHAMARCA','10.00'),
(1384,'15','09','05','LIMA','OYON','NAVAN','10.00'),
(1385,'15','09','06','LIMA','OYON','PACHANGARA','10.00'),
(1386,'15','10','01','LIMA','YAUYOS','YAUYOS','10.00'),
(1387,'15','10','02','LIMA','YAUYOS','ALIS','10.00'),
(1388,'15','10','03','LIMA','YAUYOS','AYAUCA','10.00'),
(1389,'15','10','04','LIMA','YAUYOS','AYAVIRI','10.00'),
(1390,'15','10','05','LIMA','YAUYOS','AZANGARO','10.00'),
(1391,'15','10','06','LIMA','YAUYOS','CACRA','10.00'),
(1392,'15','10','07','LIMA','YAUYOS','CARANIA','10.00'),
(1393,'15','10','08','LIMA','YAUYOS','CATAHUASI','10.00'),
(1394,'15','10','09','LIMA','YAUYOS','CHOCOS','10.00'),
(1395,'15','10','10','LIMA','YAUYOS','COCHAS','10.00'),
(1396,'15','10','11','LIMA','YAUYOS','COLONIA','10.00'),
(1397,'15','10','12','LIMA','YAUYOS','HONGOS','10.00'),
(1398,'15','10','13','LIMA','YAUYOS','HUAMPARA','10.00'),
(1399,'15','10','14','LIMA','YAUYOS','HUANCAYA','10.00'),
(1400,'15','10','15','LIMA','YAUYOS','HUANGASCAR','10.00'),
(1401,'15','10','16','LIMA','YAUYOS','HUANTAN','10.00'),
(1402,'15','10','17','LIMA','YAUYOS','HUA헨C','10.00'),
(1403,'15','10','18','LIMA','YAUYOS','LARAOS','10.00'),
(1404,'15','10','19','LIMA','YAUYOS','LINCHA','10.00'),
(1405,'15','10','20','LIMA','YAUYOS','MADEAN','10.00'),
(1406,'15','10','21','LIMA','YAUYOS','MIRAFLORES','10.00'),
(1407,'15','10','22','LIMA','YAUYOS','OMAS','10.00'),
(1408,'15','10','23','LIMA','YAUYOS','PUTINZA','10.00'),
(1409,'15','10','24','LIMA','YAUYOS','QUINCHES','10.00'),
(1410,'15','10','25','LIMA','YAUYOS','QUINOCAY','10.00'),
(1411,'15','10','26','LIMA','YAUYOS','SAN JOAQUIN','10.00'),
(1412,'15','10','27','LIMA','YAUYOS','SAN PEDRO DE PILAS','10.00'),
(1413,'15','10','28','LIMA','YAUYOS','TANTA','10.00'),
(1414,'15','10','29','LIMA','YAUYOS','TAURIPAMPA','10.00'),
(1415,'15','10','30','LIMA','YAUYOS','TOMAS','10.00'),
(1416,'15','10','31','LIMA','YAUYOS','TUPE','10.00'),
(1417,'15','10','32','LIMA','YAUYOS','VI헤C','10.00'),
(1418,'15','10','33','LIMA','YAUYOS','VITIS','10.00'),
(1419,'16','01','01','LORETO','MAYNAS','IQUITOS','10.00'),
(1420,'16','01','02','LORETO','MAYNAS','ALTO NANAY','10.00'),
(1421,'16','01','03','LORETO','MAYNAS','FERNANDO LORES','10.00'),
(1422,'16','01','04','LORETO','MAYNAS','INDIANA','10.00'),
(1423,'16','01','05','LORETO','MAYNAS','LAS AMAZONAS','10.00'),
(1424,'16','01','06','LORETO','MAYNAS','MAZAN','10.00'),
(1425,'16','01','07','LORETO','MAYNAS','NAPO','10.00'),
(1426,'16','01','08','LORETO','MAYNAS','PUNCHANA','10.00'),
(1427,'16','01','09','LORETO','MAYNAS','PUTUMAYO','10.00'),
(1428,'16','01','10','LORETO','MAYNAS','TORRES CAUSANA','10.00'),
(1429,'16','01','12','LORETO','MAYNAS','BELEN','10.00'),
(1430,'16','01','13','LORETO','MAYNAS','SAN JUAN BAUTISTA','10.00'),
(1431,'16','01','14','LORETO','MAYNAS','TENIENTE MANUEL CLAVERO','10.00'),
(1432,'16','02','01','LORETO','ALTO AMAZONAS','YURIMAGUAS','10.00'),
(1433,'16','02','02','LORETO','ALTO AMAZONAS','BALSAPUERTO','10.00'),
(1434,'16','02','05','LORETO','ALTO AMAZONAS','JEBEROS','10.00'),
(1435,'16','02','06','LORETO','ALTO AMAZONAS','LAGUNAS','10.00'),
(1436,'16','02','10','LORETO','ALTO AMAZONAS','SANTA CRUZ','10.00'),
(1437,'16','02','11','LORETO','ALTO AMAZONAS','TENIENTE CESAR LOPEZ ROJAS','10.00'),
(1438,'16','03','01','LORETO','LORETO','NAUTA','10.00'),
(1439,'16','03','02','LORETO','LORETO','PARINARI','10.00'),
(1440,'16','03','03','LORETO','LORETO','TIGRE','10.00'),
(1441,'16','03','04','LORETO','LORETO','TROMPETEROS','10.00'),
(1442,'16','03','05','LORETO','LORETO','URARINAS','10.00'),
(1443,'16','04','01','LORETO','MARISCAL RAMON CASTILLA','RAMON CASTILLA','10.00'),
(1444,'16','04','02','LORETO','MARISCAL RAMON CASTILLA','PEBAS','10.00'),
(1445,'16','04','03','LORETO','MARISCAL RAMON CASTILLA','YAVARI','10.00'),
(1446,'16','04','04','LORETO','MARISCAL RAMON CASTILLA','SAN PABLO','10.00'),
(1447,'16','05','01','LORETO','REQUENA','REQUENA','10.00'),
(1448,'16','05','02','LORETO','REQUENA','ALTO TAPICHE','10.00'),
(1449,'16','05','03','LORETO','REQUENA','CAPELO','10.00'),
(1450,'16','05','04','LORETO','REQUENA','EMILIO SAN MARTIN','10.00'),
(1451,'16','05','05','LORETO','REQUENA','MAQUIA','10.00'),
(1452,'16','05','06','LORETO','REQUENA','PUINAHUA','10.00'),
(1453,'16','05','07','LORETO','REQUENA','SAQUENA','10.00'),
(1454,'16','05','08','LORETO','REQUENA','SOPLIN','10.00'),
(1455,'16','05','09','LORETO','REQUENA','TAPICHE','10.00'),
(1456,'16','05','10','LORETO','REQUENA','JENARO HERRERA','10.00'),
(1457,'16','05','11','LORETO','REQUENA','YAQUERANA','10.00'),
(1458,'16','06','01','LORETO','UCAYALI','CONTAMANA','10.00'),
(1459,'16','06','02','LORETO','UCAYALI','INAHUAYA','10.00'),
(1460,'16','06','03','LORETO','UCAYALI','PADRE MARQUEZ','10.00'),
(1461,'16','06','04','LORETO','UCAYALI','PAMPA HERMOSA','10.00'),
(1462,'16','06','05','LORETO','UCAYALI','SARAYACU','10.00'),
(1463,'16','06','06','LORETO','UCAYALI','VARGAS GUERRA','10.00'),
(1464,'16','07','01','LORETO','DATEM DEL MARA헲N','BARRANCA','10.00'),
(1465,'16','07','02','LORETO','DATEM DEL MARA헲N','CAHUAPANAS','10.00'),
(1466,'16','07','03','LORETO','DATEM DEL MARA헲N','MANSERICHE','10.00'),
(1467,'16','07','04','LORETO','DATEM DEL MARA헲N','MORONA','10.00'),
(1468,'16','07','05','LORETO','DATEM DEL MARA헲N','PASTAZA','10.00'),
(1469,'16','07','06','LORETO','DATEM DEL MARA헲N','ANDOAS','10.00'),
(1470,'17','01','01','MADRE DE DIOS','TAMBOPATA','TAMBOPATA','10.00'),
(1471,'17','01','02','MADRE DE DIOS','TAMBOPATA','INAMBARI','10.00'),
(1472,'17','01','03','MADRE DE DIOS','TAMBOPATA','LAS PIEDRAS','10.00'),
(1473,'17','01','04','MADRE DE DIOS','TAMBOPATA','LABERINTO','10.00'),
(1474,'17','02','01','MADRE DE DIOS','MANU','MANU','10.00'),
(1475,'17','02','02','MADRE DE DIOS','MANU','FITZCARRALD','10.00'),
(1476,'17','02','03','MADRE DE DIOS','MANU','MADRE DE DIOS','10.00'),
(1477,'17','02','04','MADRE DE DIOS','MANU','HUEPETUHE','10.00'),
(1478,'17','03','01','MADRE DE DIOS','TAHUAMANU','I헤PARI','10.00'),
(1479,'17','03','02','MADRE DE DIOS','TAHUAMANU','IBERIA','10.00'),
(1480,'17','03','03','MADRE DE DIOS','TAHUAMANU','TAHUAMANU','10.00'),
(1481,'18','01','01','MOQUEGUA','MARISCAL NIETO','MOQUEGUA','10.00'),
(1482,'18','01','02','MOQUEGUA','MARISCAL NIETO','CARUMAS','10.00'),
(1483,'18','01','03','MOQUEGUA','MARISCAL NIETO','CUCHUMBAYA','10.00'),
(1484,'18','01','04','MOQUEGUA','MARISCAL NIETO','SAMEGUA','10.00'),
(1485,'18','01','05','MOQUEGUA','MARISCAL NIETO','SAN CRISTOBAL','10.00'),
(1486,'18','01','06','MOQUEGUA','MARISCAL NIETO','TORATA','10.00'),
(1487,'18','02','01','MOQUEGUA','GENERAL SANCHEZ CERRO','OMATE','10.00'),
(1488,'18','02','02','MOQUEGUA','GENERAL SANCHEZ CERRO','CHOJATA','10.00'),
(1489,'18','02','03','MOQUEGUA','GENERAL SANCHEZ CERRO','COALAQUE','10.00'),
(1490,'18','02','04','MOQUEGUA','GENERAL SANCHEZ CERRO','ICHU헤','10.00'),
(1491,'18','02','05','MOQUEGUA','GENERAL SANCHEZ CERRO','LA CAPILLA','10.00'),
(1492,'18','02','06','MOQUEGUA','GENERAL SANCHEZ CERRO','LLOQUE','10.00'),
(1493,'18','02','07','MOQUEGUA','GENERAL SANCHEZ CERRO','MATALAQUE','10.00'),
(1494,'18','02','08','MOQUEGUA','GENERAL SANCHEZ CERRO','PUQUINA','10.00'),
(1495,'18','02','09','MOQUEGUA','GENERAL SANCHEZ CERRO','QUINISTAQUILLAS','10.00'),
(1496,'18','02','10','MOQUEGUA','GENERAL SANCHEZ CERRO','UBINAS','10.00'),
(1497,'18','02','11','MOQUEGUA','GENERAL SANCHEZ CERRO','YUNGA','10.00'),
(1498,'18','03','01','MOQUEGUA','ILO','ILO','10.00'),
(1499,'18','03','02','MOQUEGUA','ILO','EL ALGARROBAL','10.00'),
(1500,'18','03','03','MOQUEGUA','ILO','PACOCHA','10.00'),
(1501,'19','01','01','PASCO','PASCO','CHAUPIMARCA','10.00'),
(1502,'19','01','02','PASCO','PASCO','HUACHON','10.00'),
(1503,'19','01','03','PASCO','PASCO','HUARIACA','10.00'),
(1504,'19','01','04','PASCO','PASCO','HUAYLLAY','10.00'),
(1505,'19','01','05','PASCO','PASCO','NINACACA','10.00'),
(1506,'19','01','06','PASCO','PASCO','PALLANCHACRA','10.00'),
(1507,'19','01','07','PASCO','PASCO','PAUCARTAMBO','10.00'),
(1508,'19','01','08','PASCO','PASCO','SAN FRANCISCO DE ASIS DE YARUSYACAN','10.00'),
(1509,'19','01','09','PASCO','PASCO','SIMON BOLIVAR','10.00'),
(1510,'19','01','10','PASCO','PASCO','TICLACAYAN','10.00'),
(1511,'19','01','11','PASCO','PASCO','TINYAHUARCO','10.00'),
(1512,'19','01','12','PASCO','PASCO','VICCO','10.00'),
(1513,'19','01','13','PASCO','PASCO','YANACANCHA','10.00'),
(1514,'19','02','01','PASCO','DANIEL ALCIDES CARRION','YANAHUANCA','10.00'),
(1515,'19','02','02','PASCO','DANIEL ALCIDES CARRION','CHACAYAN','10.00'),
(1516,'19','02','03','PASCO','DANIEL ALCIDES CARRION','GOYLLARISQUIZGA','10.00'),
(1517,'19','02','04','PASCO','DANIEL ALCIDES CARRION','PAUCAR','10.00'),
(1518,'19','02','05','PASCO','DANIEL ALCIDES CARRION','SAN PEDRO DE PILLAO','10.00'),
(1519,'19','02','06','PASCO','DANIEL ALCIDES CARRION','SANTA ANA DE TUSI','10.00'),
(1520,'19','02','07','PASCO','DANIEL ALCIDES CARRION','TAPUC','10.00'),
(1521,'19','02','08','PASCO','DANIEL ALCIDES CARRION','VILCABAMBA','10.00'),
(1522,'19','03','01','PASCO','OXAPAMPA','OXAPAMPA','10.00'),
(1523,'19','03','02','PASCO','OXAPAMPA','CHONTABAMBA','10.00'),
(1524,'19','03','03','PASCO','OXAPAMPA','HUANCABAMBA','10.00'),
(1525,'19','03','04','PASCO','OXAPAMPA','PALCAZU','10.00'),
(1526,'19','03','05','PASCO','OXAPAMPA','POZUZO','10.00'),
(1527,'19','03','06','PASCO','OXAPAMPA','PUERTO BERMUDEZ','10.00'),
(1528,'19','03','07','PASCO','OXAPAMPA','VILLA RICA','10.00'),
(1529,'20','01','01','PIURA','PIURA','PIURA','10.00'),
(1530,'20','01','04','PIURA','PIURA','CASTILLA','10.00'),
(1531,'20','01','05','PIURA','PIURA','CATACAOS','10.00'),
(1532,'20','01','07','PIURA','PIURA','CURA MORI','10.00'),
(1533,'20','01','08','PIURA','PIURA','EL TALLAN','10.00'),
(1534,'20','01','09','PIURA','PIURA','LA ARENA','10.00'),
(1535,'20','01','10','PIURA','PUIRA','LA UNION','10.00'),
(1536,'20','01','11','PIURA','PIURA','LAS LOMAS','10.00'),
(1537,'20','01','14','PIURA','PIURA','TAMBO GRANDE','10.00'),
(1538,'20','02','01','PIURA','AYABACA','AYABACA','10.00'),
(1539,'20','02','02','PIURA','AYABACA','FRIAS','10.00'),
(1540,'20','02','03','PIURA','AYABACA','JILILI','10.00'),
(1541,'20','02','04','PIURA','AYABACA','LAGUNAS','10.00'),
(1542,'20','02','05','PIURA','AYABACA','MONTERO','10.00'),
(1543,'20','02','06','PIURA','AYABACA','PACAIPAMPA','10.00'),
(1544,'20','02','07','PIURA','AYABACA','PAIMAS','10.00'),
(1545,'20','02','08','PIURA','AYABACA','SAPILLICA','10.00'),
(1546,'20','02','09','PIURA','AYABACA','SICCHEZ','10.00'),
(1547,'20','02','10','PIURA','AYABACA','SUYO','10.00'),
(1548,'20','03','01','PIURA','HUANCABAMBA','HUANCABAMBA','10.00'),
(1549,'20','03','02','PIURA','HUANCABAMBA','CANCHAQUE','10.00'),
(1550,'20','03','03','PIURA','HUANCABAMBA','EL CARMEN DE LA FRONTERA','10.00'),
(1551,'20','03','04','PIURA','HUANCABAMBA','HUARMACA','10.00'),
(1552,'20','03','05','PIURA','HUANCABAMBA','LALAQUIZ','10.00'),
(1553,'20','03','06','PIURA','HUANCABAMBA','SAN MIGUEL DE EL FAIQUE','10.00'),
(1554,'20','03','07','PIURA','HUANCABAMBA','SONDOR','10.00'),
(1555,'20','03','08','PIURA','HUANCABAMBA','SONDORILLO','10.00'),
(1556,'20','04','01','PIURA','MORROPON','CHULUCANAS','10.00'),
(1557,'20','04','02','PIURA','MORROPON','BUENOS AIRES','10.00'),
(1558,'20','04','03','PIURA','MORROPON','CHALACO','10.00'),
(1559,'20','04','04','PIURA','MORROPON','LA MATANZA','10.00'),
(1560,'20','04','05','PIURA','MORROPON','MORROPON','10.00'),
(1561,'20','04','06','PIURA','MORROPON','SALITRAL','10.00'),
(1562,'20','04','07','PIURA','MORROPON','SAN JUAN DE BIGOTE','10.00'),
(1563,'20','04','08','PIURA','MORROPON','SANTA CATALINA DE MOSSA','10.00'),
(1564,'20','04','09','PIURA','MORROPON','SANTO DOMINGO','10.00'),
(1565,'20','04','10','PIURA','MORROPON','YAMANGO','10.00'),
(1566,'20','05','01','PIURA','PAITA','PAITA','10.00'),
(1567,'20','05','02','PIURA','PAITA','AMOTAPE','10.00'),
(1568,'20','05','03','PIURA','PAITA','ARENAL','10.00'),
(1569,'20','05','04','PIURA','PAITA','COLAN','10.00'),
(1570,'20','05','05','PIURA','PAITA','LA HUACA','10.00'),
(1571,'20','05','06','PIURA','PAITA','TAMARINDO','10.00'),
(1572,'20','05','07','PIURA','PAITA','VICHAYAL','10.00'),
(1573,'20','06','01','PIURA','SULLANA','SULLANA','10.00'),
(1574,'20','06','02','PIURA','SULLANA','BELLAVISTA','10.00'),
(1575,'20','06','03','PIURA','SULLANA','IGNACIO ESCUDERO','10.00'),
(1576,'20','06','04','PIURA','SULLANA','LANCONES','10.00'),
(1577,'20','06','05','PIURA','SULLANA','MARCAVELICA','10.00'),
(1578,'20','06','06','PIURA','SULLANA','MIGUEL CHECA','10.00'),
(1579,'20','06','07','PIURA','SULLANA','QUERECOTILLO','10.00'),
(1580,'20','06','08','PIURA','SULLANA','SALITRAL','10.00'),
(1581,'20','07','01','PIURA','TALARA','PARI헤S','10.00'),
(1582,'20','07','02','PIURA','TALARA','EL ALTO','10.00'),
(1583,'20','07','03','PIURA','TALARA','LA BREA','10.00'),
(1584,'20','07','04','PIURA','TALARA','LOBITOS','10.00'),
(1585,'20','07','05','PIURA','TALARA','LOS ORGANOS','10.00'),
(1586,'20','07','06','PIURA','TALARA','MANCORA','10.00'),
(1587,'20','08','01','PIURA','SECHURA','SECHURA','10.00'),
(1588,'20','08','02','PIURA','SECHURA','BELLAVISTA DE LA UNION','10.00'),
(1589,'20','08','03','PIURA','SECHURA','BERNAL','10.00'),
(1590,'20','08','04','PIURA','SECHURA','CRISTO NOS VALGA','10.00'),
(1591,'20','08','05','PIURA','SECHURA','VICE','10.00'),
(1592,'20','08','06','PIURA','SECHURA','RINCONADA LLICUAR','10.00'),
(1593,'21','01','01','PUNO','PUNO','PUNO','10.00'),
(1594,'21','01','02','PUNO','PUNO','ACORA','10.00'),
(1595,'21','01','03','PUNO','PUNO','AMANTANI','10.00'),
(1596,'21','01','04','PUNO','PUNO','ATUNCOLLA','10.00'),
(1597,'21','01','05','PUNO','PUNO','CAPACHICA','10.00'),
(1598,'21','01','06','PUNO','PUNO','CHUCUITO','10.00'),
(1599,'21','01','07','PUNO','PUNO','COATA','10.00'),
(1600,'21','01','08','PUNO','PUNO','HUATA','10.00'),
(1601,'21','01','09','PUNO','PUNO','MA헤ZO','10.00'),
(1602,'21','01','10','PUNO','PUNO','PAUCARCOLLA','10.00'),
(1603,'21','01','11','PUNO','PUNO','PICHACANI','10.00'),
(1604,'21','01','12','PUNO','PUNO','PLATERIA','10.00'),
(1605,'21','01','13','PUNO','PUNO','SAN ANTONIO','10.00'),
(1606,'21','01','14','PUNO','PUNO','TIQUILLACA','10.00'),
(1607,'21','01','15','PUNO','PUNO','VILQUE','10.00'),
(1608,'21','02','01','PUNO','AZANGARO','AZANGARO','10.00'),
(1609,'21','02','02','PUNO','AZANGARO','ACHAYA','10.00'),
(1610,'21','02','03','PUNO','AZANGARO','ARAPA','10.00'),
(1611,'21','02','04','PUNO','AZANGARO','ASILLO','10.00'),
(1612,'21','02','05','PUNO','AZANGARO','CAMINACA','10.00'),
(1613,'21','02','06','PUNO','AZANGARO','CHUPA','10.00'),
(1614,'21','02','07','PUNO','AZANGARO','JOSE DOMINGO CHOQUEHUANCA','10.00'),
(1615,'21','02','08','PUNO','AZANGARO','MU헤NI','10.00'),
(1616,'21','02','09','PUNO','AZANGARO','POTONI','10.00'),
(1617,'21','02','10','PUNO','AZANGARO','SAMAN','10.00'),
(1618,'21','02','11','PUNO','AZANGARO','SAN ANTON','10.00'),
(1619,'21','02','12','PUNO','AZANGARO','SAN JOSE','10.00'),
(1620,'21','02','13','PUNO','AZANGARO','SAN JUAN DE SALINAS','10.00'),
(1621,'21','02','14','PUNO','AZANGARO','SANTIAGO DE PUPUJA','10.00'),
(1622,'21','02','15','PUNO','AZANGARO','TIRAPATA','10.00'),
(1623,'21','03','01','PUNO','CARABAYA','MACUSANI','10.00'),
(1624,'21','03','02','PUNO','CARABAYA','AJOYANI','10.00'),
(1625,'21','03','03','PUNO','CARABAYA','AYAPATA','10.00'),
(1626,'21','03','04','PUNO','CARABAYA','COASA','10.00'),
(1627,'21','03','05','PUNO','CARABAYA','CORANI','10.00'),
(1628,'21','03','06','PUNO','CARABAYA','CRUCERO','10.00'),
(1629,'21','03','07','PUNO','CARABAYA','ITUATA','10.00'),
(1630,'21','03','08','PUNO','CARABAYA','OLLACHEA','10.00'),
(1631,'21','03','09','PUNO','CARABAYA','SAN GABAN','10.00'),
(1632,'21','03','10','PUNO','CARABAYA','USICAYOS','10.00'),
(1633,'21','04','01','PUNO','CHUCUITO','JULI','10.00'),
(1634,'21','04','02','PUNO','CHUCUITO','DESAGUADERO','10.00'),
(1635,'21','04','03','PUNO','CHUCUITO','HUACULLANI','10.00'),
(1636,'21','04','04','PUNO','CHUCUITO','KELLUYO','10.00'),
(1637,'21','04','05','PUNO','CHUCUITO','PISACOMA','10.00'),
(1638,'21','04','06','PUNO','CHUCUITO','POMATA','10.00'),
(1639,'21','04','07','PUNO','CHUCUITO','ZEPITA','10.00'),
(1640,'21','05','01','PUNO','EL COLLAO','ILAVE','10.00'),
(1641,'21','05','02','PUNO','EL COLLAO','CAPAZO','10.00'),
(1642,'21','05','03','PUNO','EL COLLAO','PILCUYO','10.00'),
(1643,'21','05','04','PUNO','EL COLLAO','SANTA ROSA','10.00'),
(1644,'21','05','05','PUNO','EL COLLAO','CONDURIRI','10.00'),
(1645,'21','06','01','PUNO','HUANCANE','HUANCANE','10.00'),
(1646,'21','06','02','PUNO','HUANCANE','COJATA','10.00'),
(1647,'21','06','03','PUNO','HUANCANE','HUATASANI','10.00'),
(1648,'21','06','04','PUNO','HUANCANE','INCHUPALLA','10.00'),
(1649,'21','06','05','PUNO','HUANCANE','PUSI','10.00'),
(1650,'21','06','06','PUNO','HUANCANE','ROSASPATA','10.00'),
(1651,'21','06','07','PUNO','HUANCANE','TARACO','10.00'),
(1652,'21','06','08','PUNO','HUANCANE','VILQUE CHICO','10.00'),
(1653,'21','07','01','PUNO','LAMPA','LAMPA','10.00'),
(1654,'21','07','02','PUNO','LAMPA','CABANILLA','10.00'),
(1655,'21','07','03','PUNO','LAMPA','CALAPUJA','10.00'),
(1656,'21','07','04','PUNO','LAMPA','NICASIO','10.00'),
(1657,'21','07','05','PUNO','LAMPA','OCUVIRI','10.00'),
(1658,'21','07','06','PUNO','LAMPA','PALCA','10.00'),
(1659,'21','07','07','PUNO','LAMPA','PARATIA','10.00'),
(1660,'21','07','08','PUNO','LAMPA','PUCARA','10.00'),
(1661,'21','07','09','PUNO','LAMPA','SANTA LUCIA','10.00'),
(1662,'21','07','10','PUNO','LAMPA','VILAVILA','10.00'),
(1663,'21','08','01','PUNO','MELGAR','AYAVIRI','10.00'),
(1664,'21','08','02','PUNO','MELGAR','ANTAUTA','10.00'),
(1665,'21','08','03','PUNO','MELGAR','CUPI','10.00'),
(1666,'21','08','04','PUNO','MELGAR','LLALLI','10.00'),
(1667,'21','08','05','PUNO','MELGAR','MACARI','10.00'),
(1668,'21','08','06','PUNO','MELGAR','NU헲A','10.00'),
(1669,'21','08','07','PUNO','MELGAR','ORURILLO','10.00'),
(1670,'21','08','08','PUNO','MELGAR','SANTA ROSA','10.00'),
(1671,'21','08','09','PUNO','MELGAR','UMACHIRI','10.00'),
(1672,'21','09','01','PUNO','MOHO','MOHO','10.00'),
(1673,'21','09','02','PUNO','MOHO','CONIMA','10.00'),
(1674,'21','09','03','PUNO','MOHO','HUAYRAPATA','10.00'),
(1675,'21','09','04','PUNO','MOHO','TILALI','10.00'),
(1676,'21','10','01','PUNO','SAN ANTONIO DE PUTINA','PUTINA','10.00'),
(1677,'21','10','02','PUNO','SAN ANTONIO DE PUTINA','ANANEA','10.00'),
(1678,'21','10','03','PUNO','SAN ANTONIO DE PUTINA','PEDRO VILCA APAZA','10.00'),
(1679,'21','10','04','PUNO','SAN ANTONIO DE PUTINA','QUILCAPUNCU','10.00'),
(1680,'21','10','05','PUNO','SAN ANTONIO DE PUTINA','SINA','10.00'),
(1681,'21','11','01','PUNO','SAN ROMAN','JULIACA','10.00'),
(1682,'21','11','02','PUNO','SAN ROMAN','CABANA','10.00'),
(1683,'21','11','03','PUNO','SAN ROMAN','CABANILLAS','10.00'),
(1684,'21','11','04','PUNO','SAN ROMAN','CARACOTO','10.00'),
(1685,'21','12','01','PUNO','SANDIA','SANDIA','10.00'),
(1686,'21','12','02','PUNO','SANDIA','CUYOCUYO','10.00'),
(1687,'21','12','03','PUNO','SANDIA','LIMBANI','10.00'),
(1688,'21','12','04','PUNO','SANDIA','PATAMBUCO','10.00'),
(1689,'21','12','05','PUNO','SANDIA','PHARA','10.00'),
(1690,'21','12','06','PUNO','SANDIA','QUIACA','10.00'),
(1691,'21','12','07','PUNO','SANDIA','SAN JUAN DEL ORO','10.00'),
(1692,'21','12','08','PUNO','SANDIA','YANAHUAYA','10.00'),
(1693,'21','12','09','PUNO','SANDIA','ALTO INAMBARI','10.00'),
(1694,'21','12','10','PUNO','SANDIA','SAN PEDRO DE PUTINA PUNCO','10.00'),
(1695,'21','13','01','PUNO','YUNGUYO','YUNGUYO','10.00'),
(1696,'21','13','02','PUNO','YUNGUYO','ANAPIA','10.00'),
(1697,'21','13','03','PUNO','YUNGUYO','COPANI','10.00'),
(1698,'21','13','04','PUNO','YUNGUYO','CUTURAPI','10.00'),
(1699,'21','13','05','PUNO','YUNGUYO','OLLARAYA','10.00'),
(1700,'21','13','06','PUNO','YUNGUYO','TINICACHI','10.00'),
(1701,'21','13','07','PUNO','YUNGUYO','UNICACHI','10.00'),
(1702,'22','01','01','SAN MARTIN','MOYOBAMBA','MOYOBAMBA','10.00'),
(1703,'22','01','02','SAN MARTIN','MOYOBAMBA','CALZADA','10.00'),
(1704,'22','01','03','SAN MARTIN','MOYOBAMBA','HABANA','10.00'),
(1705,'22','01','04','SAN MARTIN','MOYOBAMBA','JEPELACIO','10.00'),
(1706,'22','01','05','SAN MARTIN','MOYOBAMBA','SORITOR','10.00'),
(1707,'22','01','06','SAN MARTIN','MOYOBAMBA','YANTALO','10.00'),
(1708,'22','02','01','SAN MARTIN','BELLAVISTA','BELLAVISTA','10.00'),
(1709,'22','02','02','SAN MARTIN','BELLAVISTA','ALTO BIAVO','10.00'),
(1710,'22','02','03','SAN MARTIN','BELLAVISTA','BAJO BIAVO','10.00'),
(1711,'22','02','04','SAN MARTIN','BELLAVISTA','HUALLAGA','10.00'),
(1712,'22','02','05','SAN MARTIN','BELLAVISTA','SAN PABLO','10.00'),
(1713,'22','02','06','SAN MARTIN','BELLAVISTA','SAN RAFAEL','10.00'),
(1714,'22','03','01','SAN MARTIN','EL DORADO','SAN JOSE DE SISA','10.00'),
(1715,'22','03','02','SAN MARTIN','EL DORADO','AGUA BLANCA','10.00'),
(1716,'22','03','03','SAN MARTIN','EL DORADO','SAN MARTIN','10.00'),
(1717,'22','03','04','SAN MARTIN','EL DORADO','SANTA ROSA','10.00'),
(1718,'22','03','05','SAN MARTIN','EL DORADO','SHATOJA','10.00'),
(1719,'22','04','01','SAN MARTIN','HUALLAGA','SAPOSOA','10.00'),
(1720,'22','04','02','SAN MARTIN','HUALLAGA','ALTO SAPOSOA','10.00'),
(1721,'22','04','03','SAN MARTIN','HUALLAGA','EL ESLABON','10.00'),
(1722,'22','04','04','SAN MARTIN','HUALLAGA','PISCOYACU','10.00'),
(1723,'22','04','05','SAN MARTIN','HUALLAGA','SACANCHE','10.00'),
(1724,'22','04','06','SAN MARTIN','HUALLAGA','TINGO DE SAPOSOA','10.00'),
(1725,'22','05','01','SAN MARTIN','LAMAS','LAMAS','10.00'),
(1726,'22','05','02','SAN MARTIN','LAMAS','ALONSO DE ALVARADO','10.00'),
(1727,'22','05','03','SAN MARTIN','LAMAS','BARRANQUITA','10.00'),
(1728,'22','05','04','SAN MARTIN','LAMAS','CAYNARACHI','10.00'),
(1729,'22','05','05','SAN MARTIN','LAMAS','CU헷MBUQUI','10.00'),
(1730,'22','05','06','SAN MARTIN','LAMAS','PINTO RECODO','10.00'),
(1731,'22','05','07','SAN MARTIN','LAMAS','RUMISAPA','10.00'),
(1732,'22','05','08','SAN MARTIN','LAMAS','SAN ROQUE DE CUMBAZA','10.00'),
(1733,'22','05','09','SAN MARTIN','LAMAS','SHANAO','10.00'),
(1734,'22','05','10','SAN MARTIN','LAMAS','TABALOSOS','10.00'),
(1735,'22','05','11','SAN MARTIN','LAMAS','ZAPATERO','10.00'),
(1736,'22','06','01','SAN MARTIN','MARISCAL CACERES','JUANJUI','10.00'),
(1737,'22','06','02','SAN MARTIN','MARISCAL CACERES','CAMPANILLA','10.00'),
(1738,'22','06','03','SAN MARTIN','MARISCAL CACERES','HUICUNGO','10.00'),
(1739,'22','06','04','SAN MARTIN','MARISCAL CACERES','PACHIZA','10.00'),
(1740,'22','06','05','SAN MARTIN','MARISCAL CACERES','PAJARILLO','10.00'),
(1741,'22','07','01','SAN MARTIN','PICOTA','PICOTA','10.00'),
(1742,'22','07','02','SAN MARTIN','PICOTA','BUENOS AIRES','10.00'),
(1743,'22','07','03','SAN MARTIN','PICOTA','CASPISAPA','10.00'),
(1744,'22','07','04','SAN MARTIN','PICOTA','PILLUANA','10.00'),
(1745,'22','07','05','SAN MARTIN','PICOTA','PUCACACA','10.00'),
(1746,'22','07','06','SAN MARTIN','PICOTA','SAN CRISTOBAL','10.00'),
(1747,'22','07','07','SAN MARTIN','PICOTA','SAN HILARION','10.00'),
(1748,'22','07','08','SAN MARTIN','PICOTA','SHAMBOYACU','10.00'),
(1749,'22','07','09','SAN MARTIN','PICOTA','TINGO DE PONASA','10.00'),
(1750,'22','07','10','SAN MARTIN','PICOTA','TRES UNIDOS','10.00'),
(1751,'22','08','01','SAN MARTIN','RIOJA','RIOJA','10.00'),
(1752,'22','08','02','SAN MARTIN','RIOJA','AWAJUN','10.00'),
(1753,'22','08','03','SAN MARTIN','RIOJA','ELIAS SOPLIN VARGAS','10.00'),
(1754,'22','08','04','SAN MARTIN','RIOJA','NUEVA CAJAMARCA','10.00'),
(1755,'22','08','05','SAN MARTIN','RIOJA','PARDO MIGUEL','10.00'),
(1756,'22','08','06','SAN MARTIN','RIOJA','POSIC','10.00'),
(1757,'22','08','07','SAN MARTIN','RIOJA','SAN FERNANDO','10.00'),
(1758,'22','08','08','SAN MARTIN','RIOJA','YORONGOS','10.00'),
(1759,'22','08','09','SAN MARTIN','RIOJA','YURACYACU','10.00'),
(1760,'22','09','01','SAN MARTIN','SAN MARTIN','TARAPOTO','10.00'),
(1761,'22','09','02','SAN MARTIN','SAN MARTIN','ALBERTO LEVEAU','10.00'),
(1762,'22','09','03','SAN MARTIN','SAN MARTIN','CACATACHI','10.00'),
(1763,'22','09','04','SAN MARTIN','SAN MARTIN','CHAZUTA','10.00'),
(1764,'22','09','05','SAN MARTIN','SAN MARTIN','CHIPURANA','10.00'),
(1765,'22','09','06','SAN MARTIN','SAN MARTIN','EL PORVENIR','10.00'),
(1766,'22','09','07','SAN MARTIN','SAN MARTIN','HUIMBAYOC','10.00'),
(1767,'22','09','08','SAN MARTIN','SAN MARTIN','JUAN GUERRA','10.00'),
(1768,'22','09','09','SAN MARTIN','SAN MARTIN','LA BANDA DE SHILCAYO','10.00'),
(1769,'22','09','10','SAN MARTIN','SAN MARTIN','MORALES','10.00'),
(1770,'22','09','11','SAN MARTIN','SAN MARTIN','PAPAPLAYA','10.00'),
(1771,'22','09','12','SAN MARTIN','SAN MARTIN','SAN ANTONIO','10.00'),
(1772,'22','09','13','SAN MARTIN','SAN MARTIN','SAUCE','10.00'),
(1773,'22','09','14','SAN MARTIN','SAN MARTIN','SHAPAJA','10.00'),
(1774,'22','10','01','SAN MARTIN','TOCACHE','TOCACHE','10.00'),
(1775,'22','10','02','SAN MARTIN','TOCACHE','NUEVO PROGRESO','10.00'),
(1776,'22','10','03','SAN MARTIN','TOCACHE','POLVORA','10.00'),
(1777,'22','10','04','SAN MARTIN','TOCACHE','SHUNTE','10.00'),
(1778,'22','10','05','SAN MARTIN','TOCACHE','UCHIZA','10.00'),
(1779,'23','01','01','TACNA','TACNA','TACNA','10.00'),
(1780,'23','01','02','TACNA','TACNA','ALTO DE LA ALIANZA','10.00'),
(1781,'23','01','03','TACNA','TACNA','CALANA','10.00'),
(1782,'23','01','04','TACNA','TACNA','CIUDAD NUEVA','10.00'),
(1783,'23','01','05','TACNA','TACNA','INCLAN','10.00'),
(1784,'23','01','06','TACNA','TACNA','PACHIA','10.00'),
(1785,'23','01','07','TACNA','TACNA','PALCA','10.00'),
(1786,'23','01','08','TACNA','TACNA','POCOLLAY','10.00'),
(1787,'23','01','09','TACNA','TACNA','SAMA','10.00'),
(1788,'23','01','10','TACNA','TACNA','CORONEL GREGORIO ALBARRACIN LANCHIPA','10.00'),
(1789,'23','02','01','TACNA','CANDARAVE','CANDARAVE','10.00'),
(1790,'23','02','02','TACNA','CANDARAVE','CAIRANI','10.00'),
(1791,'23','02','03','TACNA','CANDARAVE','CAMILACA','10.00'),
(1792,'23','02','04','TACNA','CANDARAVE','CURIBAYA','10.00'),
(1793,'23','02','05','TACNA','CANDARAVE','HUANUARA','10.00'),
(1794,'23','02','06','TACNA','CANDARAVE','QUILAHUANI','10.00'),
(1795,'23','03','01','TACNA','JORGE BASADRE','LOCUMBA','10.00'),
(1796,'23','03','02','TACNA','JORGE BASADRE','ILABAYA','10.00'),
(1797,'23','03','03','TACNA','JORGE BASADRE','ITE','10.00'),
(1798,'23','04','01','TACNA','TARATA','TARATA','10.00'),
(1799,'23','04','02','TACNA','TARATA','HEROES ALBARRACIN','10.00'),
(1800,'23','04','03','TACNA','TARATA','ESTIQUE','10.00'),
(1801,'23','04','04','TACNA','TARATA','ESTIQUE-PAMPA','10.00'),
(1802,'23','04','05','TACNA','TARATA','SITAJARA','10.00'),
(1803,'23','04','06','TACNA','TARATA','SUSAPAYA','10.00'),
(1804,'23','04','07','TACNA','TARATA','TARUCACHI','10.00'),
(1805,'23','04','08','TACNA','TARATA','TICACO','10.00'),
(1806,'24','01','01','TUMBES','TUMBES','TUMBES','10.00'),
(1807,'24','01','02','TUMBES','TUMBES','CORRALES','10.00'),
(1808,'24','01','03','TUMBES','TUMBES','LA CRUZ','10.00'),
(1809,'24','01','04','TUMBES','TUMBES','PAMPAS DE HOSPITAL','10.00'),
(1810,'24','01','05','TUMBES','TUMBES','SAN JACINTO','10.00'),
(1811,'24','01','06','TUMBES','TUMBES','SAN JUAN DE LA VIRGEN','10.00'),
(1812,'24','02','01','TUMBES','CONTRALMIRANTE VILLAR','ZORRITOS','10.00'),
(1813,'24','02','02','TUMBES','CONTRALMIRANTE VILLAR','CASITAS','10.00'),
(1814,'24','02','03','TUMBES','CONTRALMIRANTE VILLAR','CANOAS DE PUNTA SAL','10.00'),
(1815,'24','03','01','TUMBES','ZARUMILLA','ZARUMILLA','10.00'),
(1816,'24','03','02','TUMBES','ZARUMILLA','AGUAS VERDES','10.00'),
(1817,'24','03','03','TUMBES','ZARUMILLA','MATAPALO','10.00'),
(1818,'24','03','04','TUMBES','ZARUMILLA','PAPAYAL','10.00'),
(1819,'25','01','01','UCAYALI','CORONEL PORTILLO','CALLERIA','10.00'),
(1820,'25','01','02','UCAYALI','CORONEL PORTILLO','CAMPOVERDE','10.00'),
(1821,'25','01','03','UCAYALI','CORONEL PORTILLO','IPARIA','10.00'),
(1822,'25','01','04','UCAYALI','CORONEL PORTILLO','MASISEA','10.00'),
(1823,'25','01','05','UCAYALI','CORONEL PORTILLO','YARINACOCHA','10.00'),
(1824,'25','01','06','UCAYALI','CORONEL PORTILLO','NUEVA REQUENA','10.00'),
(1825,'25','02','01','UCAYALI','ATALAYA','RAYMONDI','10.00'),
(1826,'25','02','02','UCAYALI','ATALAYA','SEPAHUA','10.00'),
(1827,'25','02','03','UCAYALI','ATALAYA','TAHUANIA','10.00'),
(1828,'25','02','04','UCAYALI','ATALAYA','YURUA','10.00'),
(1829,'25','03','01','UCAYALI','PADRE ABAD','PADRE ABAD','10.00'),
(1830,'25','03','02','UCAYALI','PADRE ABAD','IRAZOLA','10.00'),
(1831,'25','03','03','UCAYALI','PADRE ABAD','CURIMANA','10.00'),
(1832,'25','04','01','UCAYALI','PURUS','PURUS','10.00'),
(1833,'01','01','01','AMAZONAS','CHACHAPOYAS','CHACHAPOYAS','10.00');

/*Table structure for table `tb_usuario` */

DROP TABLE IF EXISTS `tb_usuario`;

CREATE TABLE `tb_usuario` (
  `Pk_eUsuario` int(11) NOT NULL,
  `cCodUsuario` varchar(5) NOT NULL,
  `cRuc` varchar(12) NOT NULL,
  `cRazSocial` varchar(50) NOT NULL,
  PRIMARY KEY (`Pk_eUsuario`)
) ENGINE=InnoDB DEFAULT CHARSET=latin1;

/*Data for the table `tb_usuario` */
